tokens,tags,split,id
"['The', 'contractor', 'shall', 'protect', 'confidential', 'information', 'received', 'from', 'the', 'Zenith', 'Tech.']","['O', 'B-ROLE', 'O', 'O', 'B-DELIVERABLE', 'I-DELIVERABLE', 'O', 'O', 'O', 'B-PARTY', 'I-PARTY']",train,1
"['The', 'CloudNine', 'Technologies', 'shall', 'approve', 'the', 'project', 'documentation', 'within', 'three', 'days.']","['O', 'B-PARTY', 'I-PARTY', 'O', 'O', 'O', 'B-DELIVERABLE', 'I-DELIVERABLE', 'O', 'B-DURATION', 'I-DURATION']",train,2
"['The', 'CodeCraft', 'Solutions', 'shall', 'nominate', 'a', 'project', 'manager', 'for', 'the', 'engagement.']","['O', 'B-PARTY', 'I-PARTY', 'O', 'O', 'O', 'B-ROLE', 'I-ROLE', 'O', 'O', 'O']",train,3
"['Meera', 'Iyer', 'shall', 'deliver', 'the', 'user', 'interface', 'within', 'three', 'days.']","['B-PERSON', 'I-PERSON', 'O', 'B-ACTION', 'O', 'B-DELIVERABLE', 'I-DELIVERABLE', 'O', 'B-DURATION', 'I-DURATION']",train,4
"['The', 'freelance', 'developer', 'shall', 'not', 'disclose', 'the', 'testing', 'report', 'to', 'any', 'third', 'party.']","['O', 'B-ROLE', 'I-ROLE', 'O', 'O', 'O', 'O', 'B-DELIVERABLE', 'I-DELIVERABLE', 'O', 'O', 'B-PARTY', 'I-PARTY']",train,5
"['The', 'ABC', 'Technologies', 'shall', 'approve', 'the', 'web', 'application', 'within', 'six', 'weeks.']","['O', 'B-PARTY', 'I-PARTY', 'O', 'O', 'O', 'B-DELIVERABLE', 'I-DELIVERABLE', 'O', 'B-DURATION', 'I-DURATION']",train,6
"['The', 'Vertex', 'Digital', 'may', 'configure', 'the', 'security', 'configuration', 'after', 'upon', 'completion.']","['O', 'B-PARTY', 'I-PARTY', 'O', 'B-ACTION', 'O', 'B-DELIVERABLE', 'I-DELIVERABLE', 'O', 'B-CONDITION', 'I-CONDITION']",train,7
"['Meera', 'Iyer', 'is', 'responsible', 'for', 'design', 'the', 'security', 'configuration.']","['B-PERSON', 'I-PERSON', 'O', 'O', 'O', 'B-ACTION', 'O', 'B-DELIVERABLE', 'I-DELIVERABLE']",train,8
"['The', 'CodeCraft', 'Solutions', 'shall', 'pay', 'the', 'outstanding', 'balance', 'within', 'fourteen', 'days', 'after', 'termination.']","['O', 'B-PARTY', 'I-PARTY', 'O', 'O', 'O', 'O', 'B-PAYMENT', 'O', 'B-DURATION', 'I-DURATION', 'O', 'O']",train,9
"['The', 'Delta', 'Apps', 'shall', 'provide', 'test', 'accounts', 'by', '10', 'April', '2027.']","['O', 'B-PARTY', 'I-PARTY', 'O', 'O', 'B-DELIVERABLE', 'I-DELIVERABLE', 'O', 'B-DEADLINE', 'I-DEADLINE', 'I-DEADLINE']",train,10
"['Ananya', 'Sen', 'is', 'responsible', 'for', 'configure', 'the', 'backend', 'service.']","['B-PERSON', 'I-PERSON', 'O', 'O', 'O', 'B-ACTION', 'O', 'B-DELIVERABLE', 'I-DELIVERABLE']",train,11
"['The', 'project', 'fee', 'is', 'USD', '3,000', 'and', 'shall', 'be', 'paid', 'before', 'deployment.']","['O', 'O', 'O', 'O', 'B-AMOUNT', 'I-AMOUNT', 'O', 'O', 'O', 'O', 'B-CONDITION', 'I-CONDITION']",train,12
"['The', 'agreement', 'shall', 'commence', 'on', '25', 'October', '2027', 'and', 'continue', 'for', 'fourteen', 'days.']","['O', 'O', 'O', 'O', 'O', 'B-DATE', 'I-DATE', 'I-DATE', 'O', 'O', 'O', 'B-DURATION', 'I-DURATION']",train,13
"['The', 'Bright', 'Labs', 'shall', 'pay', 'the', 'outstanding', 'balance', 'within', 'one', 'year', 'after', 'termination.']","['O', 'B-PARTY', 'I-PARTY', 'O', 'O', 'O', 'O', 'B-PAYMENT', 'O', 'B-DURATION', 'I-DURATION', 'O', 'O']",train,14
"['The', 'BluePeak', 'Labs', 'shall', 'nominate', 'a', 'project', 'manager', 'for', 'the', 'engagement.']","['O', 'B-PARTY', 'I-PARTY', 'O', 'O', 'O', 'B-ROLE', 'I-ROLE', 'O', 'O', 'O']",train,15
"['The', 'GreenByte', 'Ltd.', 'shall', 'make', 'the', 'final', 'installment', 'of', 'USD', '3,000', 'before', 'deployment.']","['O', 'B-PARTY', 'I-PARTY', 'O', 'O', 'O', 'B-PAYMENT', 'I-PAYMENT', 'O', 'B-AMOUNT', 'I-AMOUNT', 'B-CONDITION', 'I-CONDITION']",train,16
"['The', 'Apex', 'Software', 'shall', 'notify', 'the', 'other', 'party', 'of', 'a', 'renewal', 'request', 'at', 'least', 'six', 'weeks', 'before', 'expiry.']","['O', 'B-PARTY', 'I-PARTY', 'O', 'O', 'O', 'O', 'O', 'O', 'O', 'O', 'O', 'O', 'O', 'B-DEADLINE', 'I-DEADLINE', 'O', 'O']",train,17
"['The', 'ABC', 'Technologies', 'shall', 'approve', 'the', 'testing', 'report', 'within', 'three', 'days.']","['O', 'B-PARTY', 'I-PARTY', 'O', 'O', 'O', 'B-DELIVERABLE', 'I-DELIVERABLE', 'O', 'B-DURATION', 'I-DURATION']",train,18
"['The', 'developer', 'shall', 'provide', 'change', 'request', 'at', 'least', 'ten', 'days', 'before', 'termination.']","['O', 'B-ROLE', 'O', 'O', 'B-NOTICE', 'I-NOTICE', 'O', 'O', 'B-DURATION', 'I-DURATION', 'O', 'O']",train,19
"['The', 'freelance', 'developer', 'shall', 'protect', 'confidential', 'information', 'received', 'from', 'the', 'Vertex', 'Digital.']","['O', 'B-ROLE', 'I-ROLE', 'O', 'O', 'B-DELIVERABLE', 'I-DELIVERABLE', 'O', 'O', 'O', 'B-PARTY', 'I-PARTY']",train,20
"['The', 'Zenith', 'Tech', 'may', 'design', 'the', 'security', 'configuration', 'after', 'after', 'client', 'acceptance.']","['O', 'B-PARTY', 'I-PARTY', 'O', 'B-ACTION', 'O', 'B-DELIVERABLE', 'I-DELIVERABLE', 'O', 'B-CONDITION', 'I-CONDITION', 'I-CONDITION']",train,21
"['The', 'CodeCraft', 'Solutions', 'shall', 'approve', 'the', 'source', 'code', 'within', 'three', 'days.']","['O', 'B-PARTY', 'I-PARTY', 'O', 'O', 'O', 'B-DELIVERABLE', 'I-DELIVERABLE', 'O', 'B-DURATION', 'I-DURATION']",train,22
"['The', 'contractor', 'shall', 'complete', 'security', 'configuration', 'no', 'later', 'than', '5', 'January', '2027.']","['O', 'B-ROLE', 'O', 'O', 'B-DELIVERABLE', 'I-DELIVERABLE', 'O', 'O', 'O', 'B-DEADLINE', 'I-DEADLINE', 'I-DEADLINE']",train,23
"['The', 'agreement', 'shall', 'commence', 'on', '1', 'June', '2027', 'and', 'continue', 'for', 'three', 'months.']","['O', 'O', 'O', 'O', 'O', 'B-DATE', 'I-DATE', 'I-DATE', 'O', 'O', 'O', 'B-DURATION', 'I-DURATION']",train,24
"['The', 'development', 'team', 'shall', 'not', 'disclose', 'the', 'deployment', 'package', 'to', 'any', 'third', 'party.']","['O', 'B-ROLE', 'I-ROLE', 'O', 'O', 'O', 'O', 'B-DELIVERABLE', 'I-DELIVERABLE', 'O', 'O', 'B-PARTY', 'I-PARTY']",train,25
"['The', 'developer', 'shall', 'install', 'dependencies', 'during', 'the', 'maintenance', 'period.']","['O', 'B-ROLE', 'O', 'O', 'B-DELIVERABLE', 'O', 'O', 'O', 'O']",train,26
"['The', 'technical', 'consultant', 'shall', 'not', 'disclose', 'the', 'source', 'code', 'to', 'any', 'third', 'party.']","['O', 'B-ROLE', 'I-ROLE', 'O', 'O', 'O', 'O', 'B-DELIVERABLE', 'I-DELIVERABLE', 'O', 'O', 'B-PARTY', 'I-PARTY']",train,27
"['The', 'agreement', 'shall', 'commence', 'on', '20', 'May', '2027', 'and', 'continue', 'for', 'three', 'months.']","['O', 'O', 'O', 'O', 'O', 'B-DATE', 'I-DATE', 'I-DATE', 'O', 'O', 'O', 'B-DURATION', 'I-DURATION']",train,28
"['The', 'PixelWorks', 'shall', 'approve', 'the', 'project', 'documentation', 'within', 'twelve', 'weeks.']","['O', 'B-PARTY', 'O', 'O', 'O', 'B-DELIVERABLE', 'I-DELIVERABLE', 'O', 'B-DURATION', 'I-DURATION']",train,29
"['The', 'software', 'developer', 'shall', 'not', 'disclose', 'the', 'source', 'code', 'to', 'any', 'third', 'party.']","['O', 'B-ROLE', 'I-ROLE', 'O', 'O', 'O', 'O', 'B-DELIVERABLE', 'I-DELIVERABLE', 'O', 'O', 'B-PARTY', 'I-PARTY']",train,30
"['The', 'developer', 'shall', 'correct', 'failed', 'tests', 'within', 'one', 'year.']","['O', 'B-ROLE', 'O', 'O', 'B-DELIVERABLE', 'I-DELIVERABLE', 'O', 'B-DURATION', 'I-DURATION']",train,31
"['The', 'technical', 'documentation', 'shall', 'be', 'delivered', 'no', 'later', 'than', '30', 'August', '2027.']","['O', 'B-DELIVERABLE', 'I-DELIVERABLE', 'O', 'O', 'O', 'O', 'O', 'O', 'B-DEADLINE', 'I-DEADLINE', 'I-DEADLINE']",train,32
"['Priya', 'Mehta', 'shall', 'correct', 'the', 'prototype', 'within', 'six', 'weeks.']","['B-PERSON', 'I-PERSON', 'O', 'B-ACTION', 'O', 'B-DELIVERABLE', 'O', 'B-DURATION', 'I-DURATION']",train,33
"['The', 'software', 'developer', 'shall', 'not', 'disclose', 'the', 'backend', 'service', 'to', 'any', 'third', 'party.']","['O', 'B-ROLE', 'I-ROLE', 'O', 'O', 'O', 'O', 'B-DELIVERABLE', 'I-DELIVERABLE', 'O', 'O', 'B-PARTY', 'I-PARTY']",train,34
"['The', 'project', 'fee', 'is', 'USD', '8,500', 'and', 'shall', 'be', 'paid', 'after', 'termination.']","['O', 'O', 'O', 'O', 'B-AMOUNT', 'I-AMOUNT', 'O', 'O', 'O', 'O', 'B-CONDITION', 'I-CONDITION']",train,35
"['The', 'software', 'developer', 'shall', 'submit', 'deployment', 'package', 'to', 'ABC', 'Technologies', 'on', '25', 'October', '2027.']","['O', 'B-ROLE', 'I-ROLE', 'O', 'O', 'B-DELIVERABLE', 'I-DELIVERABLE', 'O', 'B-PARTY', 'I-PARTY', 'O', 'B-DATE', 'I-DATE', 'I-DATE']",train,36
"['Ananya', 'Sen', 'shall', 'install', 'the', 'user', 'interface', 'within', 'five', 'business', 'days.']","['B-PERSON', 'I-PERSON', 'O', 'B-ACTION', 'O', 'B-DELIVERABLE', 'I-DELIVERABLE', 'O', 'B-DURATION', 'I-DURATION', 'I-DURATION']",train,37
"['The', 'Delta', 'Apps', 'may', 'reject', 'a', 'mobile', 'application', 'that', 'does', 'not', 'satisfy', 'the', 'agreed', 'specifications.']","['O', 'B-PARTY', 'I-PARTY', 'O', 'O', 'O', 'B-DELIVERABLE', 'I-DELIVERABLE', 'O', 'O', 'O', 'O', 'O', 'O', 'O']",train,38
"['The', 'Vertex', 'Digital', 'shall', 'pay', 'each', 'undisputed', 'invoice', 'within', 'ten', 'days.']","['O', 'B-PARTY', 'I-PARTY', 'O', 'O', 'O', 'O', 'O', 'O', 'B-DURATION', 'I-DURATION']",train,39
"['The', 'developer', 'shall', 'complete', 'API', 'integration', 'no', 'later', 'than', '12', 'September', '2027.']","['O', 'B-ROLE', 'O', 'O', 'B-DELIVERABLE', 'I-DELIVERABLE', 'O', 'O', 'O', 'B-DEADLINE', 'I-DEADLINE', 'I-DEADLINE']",train,40
"['The', 'Apex', 'Software', 'shall', 'provide', 'backend', 'service', 'to', 'the', 'technical', 'consultant', 'before', 'development', 'begins.']","['O', 'B-PARTY', 'I-PARTY', 'O', 'O', 'B-DELIVERABLE', 'I-DELIVERABLE', 'O', 'O', 'B-ROLE', 'I-ROLE', 'O', 'O', 'O']",train,41
"['Priya', 'Mehta', 'shall', 'submit', 'the', 'backend', 'service', 'within', 'five', 'business', 'days.']","['B-PERSON', 'I-PERSON', 'O', 'B-ACTION', 'O', 'B-DELIVERABLE', 'I-DELIVERABLE', 'O', 'B-DURATION', 'I-DURATION', 'I-DURATION']",train,42
"['The', 'development', 'team', 'shall', 'submit', 'API', 'integration', 'to', 'Vertex', 'Digital', 'on', '15', 'December', '2027.']","['O', 'B-ROLE', 'I-ROLE', 'O', 'O', 'B-DELIVERABLE', 'I-DELIVERABLE', 'O', 'B-PARTY', 'I-PARTY', 'O', 'B-DATE', 'I-DATE', 'I-DATE']",train,43
"['The', 'NextGen', 'Systems', 'may', 'submit', 'the', 'source', 'code', 'after', 'before', 'deployment.']","['O', 'B-PARTY', 'I-PARTY', 'O', 'B-ACTION', 'O', 'B-DELIVERABLE', 'I-DELIVERABLE', 'O', 'B-CONDITION', 'I-CONDITION']",train,44
"['The', 'developer', 'shall', 'retain', 'project', 'documentation', 'for', 'fourteen', 'days.']","['O', 'B-ROLE', 'O', 'O', 'B-DELIVERABLE', 'I-DELIVERABLE', 'O', 'B-DURATION', 'I-DURATION']",train,45
"['The', 'agreement', 'shall', 'expire', 'on', '28', 'March', '2027.']","['O', 'O', 'O', 'O', 'O', 'B-DATE', 'I-DATE', 'I-DATE']",train,46
"['Arjun', 'Patel', 'shall', 'implement', 'the', 'security', 'configuration', 'within', 'ten', 'days.']","['B-PERSON', 'I-PERSON', 'O', 'B-ACTION', 'O', 'B-DELIVERABLE', 'I-DELIVERABLE', 'O', 'B-DURATION', 'I-DURATION']",train,47
"['The', 'Vertex', 'Digital', 'may', 'implement', 'the', 'backend', 'service', 'after', 'upon', 'signing.']","['O', 'B-PARTY', 'I-PARTY', 'O', 'B-ACTION', 'O', 'B-DELIVERABLE', 'I-DELIVERABLE', 'O', 'B-CONDITION', 'I-CONDITION']",train,48
"['The', 'technical', 'consultant', 'shall', 'document', 'database', 'schema', 'after', 'successful', 'testing.']","['O', 'B-ROLE', 'I-ROLE', 'O', 'O', 'B-DELIVERABLE', 'I-DELIVERABLE', 'O', 'O', 'O']",train,49
"['The', 'technical', 'consultant', 'must', 'review', 'the', 'software', 'module', 'to', 'the', 'GreenByte', 'Ltd..']","['O', 'B-ROLE', 'I-ROLE', 'O', 'B-ACTION', 'O', 'B-DELIVERABLE', 'I-DELIVERABLE', 'O', 'O', 'B-PARTY', 'I-PARTY']",train,50
"['The', 'Zenith', 'Tech', 'shall', 'provide', 'technical', 'specifications', 'by', '1', 'June', '2027.']","['O', 'B-PARTY', 'I-PARTY', 'O', 'O', 'B-DELIVERABLE', 'I-DELIVERABLE', 'O', 'B-DEADLINE', 'I-DEADLINE', 'I-DEADLINE']",train,51
"['The', 'freelance', 'developer', 'shall', 'not', 'disclose', 'the', 'technical', 'documentation', 'to', 'any', 'third', 'party.']","['O', 'B-ROLE', 'I-ROLE', 'O', 'O', 'O', 'O', 'B-DELIVERABLE', 'I-DELIVERABLE', 'O', 'O', 'B-PARTY', 'I-PARTY']",train,52
"['The', 'total', 'contract', 'value', 'is', 'INR', '100,000.']","['O', 'O', 'B-PAYMENT', 'I-PAYMENT', 'O', 'B-AMOUNT', 'I-AMOUNT']",train,53
"['The', 'freelance', 'developer', 'shall', 'return', 'prototype', 'within', 'six', 'weeks', 'after', 'termination.']","['O', 'B-ROLE', 'I-ROLE', 'O', 'O', 'B-DELIVERABLE', 'O', 'B-DURATION', 'I-DURATION', 'O', 'O']",train,54
"['The', 'software', 'engineer', 'shall', 'submit', 'user', 'interface', 'to', 'Delta', 'Apps', 'on', '15', 'February', '2027.']","['O', 'B-ROLE', 'I-ROLE', 'O', 'O', 'B-DELIVERABLE', 'I-DELIVERABLE', 'O', 'B-PARTY', 'I-PARTY', 'O', 'B-DATE', 'I-DATE', 'I-DATE']",train,55
"['The', 'freelance', 'developer', 'shall', 'respond', 'to', 'deployment', 'package', 'within', 'thirty', 'days.']","['O', 'B-ROLE', 'I-ROLE', 'O', 'O', 'O', 'B-DELIVERABLE', 'I-DELIVERABLE', 'O', 'B-DURATION', 'I-DURATION']",train,56
"['The', 'software', 'engineer', 'shall', 'correct', 'errors', 'within', 'twelve', 'weeks.']","['O', 'B-ROLE', 'I-ROLE', 'O', 'O', 'B-DELIVERABLE', 'O', 'B-DURATION', 'I-DURATION']",train,57
"['The', 'contractor', 'shall', 'submit', 'cloud', 'environment', 'to', 'Orion', 'Systems', 'on', '1', 'June', '2027.']","['O', 'B-ROLE', 'O', 'O', 'B-DELIVERABLE', 'I-DELIVERABLE', 'O', 'B-PARTY', 'I-PARTY', 'O', 'B-DATE', 'I-DATE', 'I-DATE']",train,58
"['The', 'software', 'developer', 'shall', 'return', 'prototype', 'within', 'six', 'weeks', 'after', 'termination.']","['O', 'B-ROLE', 'I-ROLE', 'O', 'O', 'B-DELIVERABLE', 'O', 'B-DURATION', 'I-DURATION', 'O', 'O']",train,59
"['The', 'BluePeak', 'Labs', 'shall', 'review', 'software', 'module', 'on', '20', 'May', '2027.']","['O', 'B-PARTY', 'I-PARTY', 'O', 'O', 'B-DELIVERABLE', 'I-DELIVERABLE', 'O', 'B-DATE', 'I-DATE', 'I-DATE']",train,60
"['The', 'Zenith', 'Tech', 'shall', 'provide', 'source', 'code', 'to', 'the', 'software', 'engineer', 'before', 'development', 'begins.']","['O', 'B-PARTY', 'I-PARTY', 'O', 'O', 'B-DELIVERABLE', 'I-DELIVERABLE', 'O', 'O', 'B-ROLE', 'I-ROLE', 'O', 'O', 'O']",train,61
"['The', 'software', 'engineer', 'shall', 'correct', 'failed', 'tests', 'within', 'eight', 'weeks.']","['O', 'B-ROLE', 'I-ROLE', 'O', 'O', 'B-DELIVERABLE', 'I-DELIVERABLE', 'O', 'B-DURATION', 'I-DURATION']",train,62
"['The', 'project', 'fee', 'is', 'INR', '50,000', 'and', 'shall', 'be', 'paid', 'subject', 'to', 'client', 'approval.']","['O', 'O', 'O', 'O', 'B-AMOUNT', 'I-AMOUNT', 'O', 'O', 'O', 'O', 'B-CONDITION', 'I-CONDITION', 'I-CONDITION', 'I-CONDITION']",train,63
"['The', 'development', 'team', 'shall', 'respond', 'to', 'mobile', 'application', 'within', 'one', 'year.']","['O', 'B-ROLE', 'I-ROLE', 'O', 'O', 'O', 'B-DELIVERABLE', 'I-DELIVERABLE', 'O', 'B-DURATION', 'I-DURATION']",train,64
"['PixelWorks', 'will', 'document', 'the', 'mobile', 'application', 'upon', 'completion.']","['B-PARTY', 'O', 'B-ACTION', 'O', 'B-DELIVERABLE', 'I-DELIVERABLE', 'B-CONDITION', 'I-CONDITION']",train,65
"['The', 'Zenith', 'Tech', 'may', 'test', 'the', 'project', 'documentation', 'after', 'after', 'client', 'acceptance.']","['O', 'B-PARTY', 'I-PARTY', 'O', 'B-ACTION', 'O', 'B-DELIVERABLE', 'I-DELIVERABLE', 'O', 'B-CONDITION', 'I-CONDITION', 'I-CONDITION']",train,66
"['The', 'development', 'team', 'shall', 'protect', 'confidential', 'information', 'received', 'from', 'the', 'GreenByte', 'Ltd..']","['O', 'B-ROLE', 'I-ROLE', 'O', 'O', 'B-DELIVERABLE', 'I-DELIVERABLE', 'O', 'O', 'O', 'B-PARTY', 'I-PARTY']",train,67
"['The', 'development', 'team', 'shall', 'submit', 'source', 'code', 'to', 'NovaSoft', 'Solutions', 'on', '30', 'November', '2027.']","['O', 'B-ROLE', 'I-ROLE', 'O', 'O', 'B-DELIVERABLE', 'I-DELIVERABLE', 'O', 'B-PARTY', 'I-PARTY', 'O', 'B-DATE', 'I-DATE', 'I-DATE']",train,68
"['The', 'Bright', 'Labs', 'shall', 'pay', 'the', 'developer', 'USD', '5,000', 'after', 'final', 'delivery.']","['O', 'B-PARTY', 'I-PARTY', 'O', 'O', 'O', 'B-ROLE', 'B-AMOUNT', 'I-AMOUNT', 'B-CONDITION', 'I-CONDITION', 'I-CONDITION']",train,69
"['The', 'contractor', 'shall', 'install', 'dependencies', 'during', 'the', 'maintenance', 'period.']","['O', 'B-ROLE', 'O', 'O', 'B-DELIVERABLE', 'O', 'O', 'O', 'O']",train,70
"['The', 'software', 'developer', 'shall', 'submit', 'API', 'integration', 'to', 'BluePeak', 'Labs', 'on', '15', 'July', '2027.']","['O', 'B-ROLE', 'I-ROLE', 'O', 'O', 'B-DELIVERABLE', 'I-DELIVERABLE', 'O', 'B-PARTY', 'I-PARTY', 'O', 'B-DATE', 'I-DATE', 'I-DATE']",train,71
"['The', 'web', 'application', 'shall', 'be', 'delivered', 'no', 'later', 'than', '10', 'April', '2027.']","['O', 'B-DELIVERABLE', 'I-DELIVERABLE', 'O', 'O', 'O', 'O', 'O', 'O', 'B-DEADLINE', 'I-DEADLINE', 'I-DEADLINE']",train,72
"['The', 'agreement', 'shall', 'expire', 'on', '5', 'January', '2027.']","['O', 'O', 'O', 'O', 'O', 'B-DATE', 'I-DATE', 'I-DATE']",train,73
"['The', 'software', 'developer', 'shall', 'correct', 'defects', 'within', 'seven', 'days.']","['O', 'B-ROLE', 'I-ROLE', 'O', 'O', 'B-DELIVERABLE', 'O', 'B-DURATION', 'I-DURATION']",train,74
"['The', 'software', 'engineer', 'shall', 'integrate', 'the', 'project', 'documentation.']","['O', 'B-ROLE', 'I-ROLE', 'O', 'B-ACTION', 'O', 'B-DELIVERABLE', 'I-DELIVERABLE']",train,75
"['The', 'NovaSoft', 'Solutions', 'shall', 'provide', 'prototype', 'to', 'the', 'contractor', 'before', 'development', 'begins.']","['O', 'B-PARTY', 'I-PARTY', 'O', 'O', 'B-DELIVERABLE', 'O', 'O', 'B-ROLE', 'O', 'O', 'O']",train,76
"['The', 'NextGen', 'Systems', 'shall', 'pay', 'the', 'software', 'engineer', 'USD', '1,500', 'upon', 'completion.']","['O', 'B-PARTY', 'I-PARTY', 'O', 'O', 'O', 'B-ROLE', 'I-ROLE', 'B-AMOUNT', 'I-AMOUNT', 'B-CONDITION', 'I-CONDITION']",train,77
"['The', 'technical', 'consultant', 'shall', 'submit', 'project', 'documentation', 'to', 'Apex', 'Software', 'on', '15', 'July', '2027.']","['O', 'B-ROLE', 'I-ROLE', 'O', 'O', 'B-DELIVERABLE', 'I-DELIVERABLE', 'O', 'B-PARTY', 'I-PARTY', 'O', 'B-DATE', 'I-DATE', 'I-DATE']",train,78
"['The', 'technical', 'consultant', 'shall', 'submit', 'source', 'code', 'to', 'Delta', 'Apps', 'on', '15', 'December', '2027.']","['O', 'B-ROLE', 'I-ROLE', 'O', 'O', 'B-DELIVERABLE', 'I-DELIVERABLE', 'O', 'B-PARTY', 'I-PARTY', 'O', 'B-DATE', 'I-DATE', 'I-DATE']",train,79
"['The', 'technical', 'consultant', 'shall', 'correct', 'errors', 'within', 'five', 'business', 'days.']","['O', 'B-ROLE', 'I-ROLE', 'O', 'O', 'B-DELIVERABLE', 'O', 'B-DURATION', 'I-DURATION', 'I-DURATION']",train,80
"['The', 'CloudNine', 'Technologies', 'may', 'deploy', 'the', 'database', 'schema', 'after', 'after', 'termination.']","['O', 'B-PARTY', 'I-PARTY', 'O', 'B-ACTION', 'O', 'B-DELIVERABLE', 'I-DELIVERABLE', 'O', 'B-CONDITION', 'I-CONDITION']",train,81
"['The', 'developer', 'shall', 'integrate', 'the', 'user', 'interface.']","['O', 'B-ROLE', 'O', 'B-ACTION', 'O', 'B-DELIVERABLE', 'I-DELIVERABLE']",train,82
"['The', 'PixelWorks', 'shall', 'pay', 'the', 'software', 'developer', 'INR', '150,000', 'after', 'final', 'delivery.']","['O', 'B-PARTY', 'O', 'O', 'O', 'B-ROLE', 'I-ROLE', 'B-AMOUNT', 'I-AMOUNT', 'B-CONDITION', 'I-CONDITION', 'I-CONDITION']",train,83
"['The', 'NovaSoft', 'Solutions', 'may', 'build', 'the', 'cloud', 'environment', 'after', 'upon', 'receipt', 'of', 'written', 'approval.']","['O', 'B-PARTY', 'I-PARTY', 'O', 'B-ACTION', 'O', 'B-DELIVERABLE', 'I-DELIVERABLE', 'O', 'B-CONDITION', 'I-CONDITION', 'I-CONDITION', 'I-CONDITION', 'I-CONDITION']",train,84
"['The', 'Delta', 'Apps', 'shall', 'review', 'cloud', 'environment', 'on', '15', 'July', '2027.']","['O', 'B-PARTY', 'I-PARTY', 'O', 'O', 'B-DELIVERABLE', 'I-DELIVERABLE', 'O', 'B-DATE', 'I-DATE', 'I-DATE']",train,85
"['The', 'GreenByte', 'Ltd.', 'shall', 'pay', 'the', 'outstanding', 'balance', 'within', 'six', 'months', 'after', 'termination.']","['O', 'B-PARTY', 'I-PARTY', 'O', 'O', 'O', 'O', 'B-PAYMENT', 'O', 'B-DURATION', 'I-DURATION', 'O', 'O']",train,86
"['The', 'developer', 'shall', 'provide', 'acceptance', 'notice', 'at', 'least', 'three', 'days', 'before', 'termination.']","['O', 'B-ROLE', 'O', 'O', 'B-NOTICE', 'I-NOTICE', 'O', 'O', 'B-DURATION', 'I-DURATION', 'O', 'O']",train,87
"['The', 'BluePeak', 'Labs', 'shall', 'review', 'user', 'interface', 'on', '12', 'September', '2027.']","['O', 'B-PARTY', 'I-PARTY', 'O', 'O', 'B-DELIVERABLE', 'I-DELIVERABLE', 'O', 'B-DATE', 'I-DATE', 'I-DATE']",train,88
"['The', 'agreement', 'may', 'be', 'renewed', 'for', 'twelve', 'weeks', 'by', 'mutual', 'written', 'consent.']","['O', 'O', 'O', 'O', 'O', 'O', 'B-DURATION', 'I-DURATION', 'O', 'O', 'O', 'O']",train,89
"['The', 'maintenance', 'period', 'begins', 'on', '15', 'February', '2027.']","['O', 'O', 'O', 'O', 'O', 'B-DATE', 'I-DATE', 'I-DATE']",train,90
"['The', 'software', 'developer', 'must', 'return', 'the', 'API', 'integration', 'to', 'the', 'Apex', 'Software.']","['O', 'B-ROLE', 'I-ROLE', 'O', 'B-ACTION', 'O', 'B-DELIVERABLE', 'I-DELIVERABLE', 'O', 'O', 'B-PARTY', 'I-PARTY']",train,91
"['The', 'technical', 'consultant', 'shall', 'configure', 'the', 'testing', 'environment', 'before', 'deployment.']","['O', 'B-ROLE', 'I-ROLE', 'O', 'O', 'O', 'B-DELIVERABLE', 'I-DELIVERABLE', 'O', 'O']",train,92
"['The', 'Apex', 'Software', 'shall', 'pay', 'the', 'outstanding', 'balance', 'within', 'twelve', 'weeks', 'after', 'termination.']","['O', 'B-PARTY', 'I-PARTY', 'O', 'O', 'O', 'O', 'B-PAYMENT', 'O', 'B-DURATION', 'I-DURATION', 'O', 'O']",train,93
"['The', 'CloudNine', 'Technologies', 'may', 'install', 'the', 'technical', 'documentation', 'after', 'after', 'successful', 'testing.']","['O', 'B-PARTY', 'I-PARTY', 'O', 'B-ACTION', 'O', 'B-DELIVERABLE', 'I-DELIVERABLE', 'O', 'B-CONDITION', 'I-CONDITION', 'I-CONDITION']",train,94
"['Bright', 'Labs', 'will', 'update', 'the', 'database', 'schema', 'after', 'final', 'delivery.']","['B-PARTY', 'I-PARTY', 'O', 'B-ACTION', 'O', 'B-DELIVERABLE', 'I-DELIVERABLE', 'B-CONDITION', 'I-CONDITION', 'I-CONDITION']",train,95
"['The', 'freelance', 'developer', 'may', 'request', 'an', 'extension', 'before', 'the', 'delivery', 'deadline.']","['O', 'B-ROLE', 'I-ROLE', 'O', 'O', 'O', 'O', 'O', 'O', 'B-DEADLINE', 'I-DEADLINE']",train,96
"['The', 'development', 'team', 'shall', 'correct', 'errors', 'within', 'five', 'business', 'days.']","['O', 'B-ROLE', 'I-ROLE', 'O', 'O', 'B-DELIVERABLE', 'O', 'B-DURATION', 'I-DURATION', 'I-DURATION']",train,97
"['Neha', 'Kapoor', 'is', 'responsible', 'for', 'design', 'the', 'software', 'module.']","['B-PERSON', 'I-PERSON', 'O', 'O', 'O', 'B-ACTION', 'O', 'B-DELIVERABLE', 'I-DELIVERABLE']",train,98
"['The', 'Apex', 'Software', 'may', 'deploy', 'the', 'prototype', 'after', 'after', 'client', 'acceptance.']","['O', 'B-PARTY', 'I-PARTY', 'O', 'B-ACTION', 'O', 'B-DELIVERABLE', 'O', 'B-CONDITION', 'I-CONDITION', 'I-CONDITION']",train,99
"['The', 'freelance', 'developer', 'shall', 'provide', 'backend', 'service', 'every', 'month.']","['O', 'B-ROLE', 'I-ROLE', 'O', 'O', 'B-DELIVERABLE', 'I-DELIVERABLE', 'O', 'B-DATE']",train,100
"['The', 'PixelWorks', 'shall', 'provide', 'technical', 'specifications', 'by', '5', 'January', '2027.']","['O', 'B-PARTY', 'O', 'O', 'B-DELIVERABLE', 'I-DELIVERABLE', 'O', 'B-DEADLINE', 'I-DEADLINE', 'I-DEADLINE']",train,101
"['NextGen', 'Systems', 'will', 'implement', 'the', 'software', 'module', 'before', 'deployment.']","['B-PARTY', 'I-PARTY', 'O', 'B-ACTION', 'O', 'B-DELIVERABLE', 'I-DELIVERABLE', 'B-CONDITION', 'I-CONDITION']",train,102
"['Neha', 'Kapoor', 'is', 'responsible', 'for', 'deploy', 'the', 'security', 'configuration.']","['B-PERSON', 'I-PERSON', 'O', 'O', 'O', 'B-ACTION', 'O', 'B-DELIVERABLE', 'I-DELIVERABLE']",train,103
"['The', 'technical', 'consultant', 'shall', 'document', 'user', 'interface', 'after', 'successful', 'testing.']","['O', 'B-ROLE', 'I-ROLE', 'O', 'O', 'B-DELIVERABLE', 'I-DELIVERABLE', 'O', 'O', 'O']",train,104
"['The', 'technical', 'consultant', 'shall', 'install', 'software', 'patches', 'during', 'the', 'maintenance', 'period.']","['O', 'B-ROLE', 'I-ROLE', 'O', 'O', 'B-DELIVERABLE', 'I-DELIVERABLE', 'O', 'O', 'O', 'O']",train,105
"['Sana', 'Khan', 'is', 'responsible', 'for', 'provide', 'the', 'web', 'application.']","['B-PERSON', 'I-PERSON', 'O', 'O', 'O', 'B-ACTION', 'O', 'B-DELIVERABLE', 'I-DELIVERABLE']",train,106
"['The', 'development', 'team', 'shall', 'correct', 'rejected', 'work', 'within', 'three', 'months.']","['O', 'B-ROLE', 'I-ROLE', 'O', 'O', 'B-DELIVERABLE', 'I-DELIVERABLE', 'O', 'B-DURATION', 'I-DURATION']",train,107
"['The', 'freelance', 'developer', 'shall', 'correct', 'failed', 'tests', 'within', 'thirty', 'days.']","['O', 'B-ROLE', 'I-ROLE', 'O', 'O', 'B-DELIVERABLE', 'I-DELIVERABLE', 'O', 'B-DURATION', 'I-DURATION']",train,108
"['The', 'software', 'engineer', 'shall', 'return', 'cloud', 'environment', 'within', 'three', 'months', 'after', 'termination.']","['O', 'B-ROLE', 'I-ROLE', 'O', 'O', 'B-DELIVERABLE', 'I-DELIVERABLE', 'O', 'B-DURATION', 'I-DURATION', 'O', 'O']",train,109
"['The', 'freelance', 'developer', 'shall', 'protect', 'confidential', 'information', 'received', 'from', 'the', 'Bright', 'Labs.']","['O', 'B-ROLE', 'I-ROLE', 'O', 'O', 'B-DELIVERABLE', 'I-DELIVERABLE', 'O', 'O', 'O', 'B-PARTY', 'I-PARTY']",train,110
"['The', 'technical', 'consultant', 'shall', 'provide', 'renewal', 'notice', 'at', 'least', 'fourteen', 'days', 'before', 'termination.']","['O', 'B-ROLE', 'I-ROLE', 'O', 'O', 'B-NOTICE', 'I-NOTICE', 'O', 'O', 'B-DURATION', 'I-DURATION', 'O', 'O']",train,111
"['The', 'Zenith', 'Tech', 'may', 'document', 'the', 'mobile', 'application', 'after', 'subject', 'to', 'client', 'approval.']","['O', 'B-PARTY', 'I-PARTY', 'O', 'B-ACTION', 'O', 'B-DELIVERABLE', 'I-DELIVERABLE', 'O', 'B-CONDITION', 'I-CONDITION', 'I-CONDITION', 'I-CONDITION']",train,112
"['The', 'technical', 'consultant', 'must', 'build', 'the', 'prototype', 'to', 'the', 'Zenith', 'Tech.']","['O', 'B-ROLE', 'I-ROLE', 'O', 'B-ACTION', 'O', 'B-DELIVERABLE', 'O', 'O', 'B-PARTY', 'I-PARTY']",train,113
"['The', 'software', 'developer', 'shall', 'correct', 'defects', 'within', 'fourteen', 'days.']","['O', 'B-ROLE', 'I-ROLE', 'O', 'O', 'B-DELIVERABLE', 'O', 'B-DURATION', 'I-DURATION']",train,114
"['Rahul', 'Sharma', 'is', 'responsible', 'for', 'approve', 'the', 'software', 'module.']","['B-PERSON', 'I-PERSON', 'O', 'O', 'O', 'B-ACTION', 'O', 'B-DELIVERABLE', 'I-DELIVERABLE']",train,115
"['The', 'Apex', 'Software', 'shall', 'approve', 'the', 'technical', 'documentation', 'within', 'eight', 'weeks.']","['O', 'B-PARTY', 'I-PARTY', 'O', 'O', 'O', 'B-DELIVERABLE', 'I-DELIVERABLE', 'O', 'B-DURATION', 'I-DURATION']",train,116
"['The', 'maintenance', 'period', 'begins', 'on', '10', 'April', '2027.']","['O', 'O', 'O', 'O', 'O', 'B-DATE', 'I-DATE', 'I-DATE']",train,117
"['The', 'software', 'developer', 'shall', 'document', 'backend', 'service', 'after', 'successful', 'testing.']","['O', 'B-ROLE', 'I-ROLE', 'O', 'O', 'B-DELIVERABLE', 'I-DELIVERABLE', 'O', 'O', 'O']",train,118
"['Vertex', 'Digital', 'will', 'develop', 'the', 'web', 'application', 'after', 'final', 'delivery.']","['B-PARTY', 'I-PARTY', 'O', 'B-ACTION', 'O', 'B-DELIVERABLE', 'I-DELIVERABLE', 'B-CONDITION', 'I-CONDITION', 'I-CONDITION']",train,119
"['The', 'ABC', 'Technologies', 'shall', 'pay', 'the', 'outstanding', 'balance', 'within', 'six', 'weeks', 'after', 'termination.']","['O', 'B-PARTY', 'I-PARTY', 'O', 'O', 'O', 'O', 'B-PAYMENT', 'O', 'B-DURATION', 'I-DURATION', 'O', 'O']",train,120
"['The', 'PixelWorks', 'owns', 'the', 'security', 'configuration', 'after', 'full', 'payment.']","['O', 'B-PARTY', 'O', 'O', 'B-DELIVERABLE', 'I-DELIVERABLE', 'O', 'B-CONDITION', 'I-CONDITION']",train,121
"['The', 'Bright', 'Labs', 'shall', 'approve', 'the', 'testing', 'report', 'by', '30', 'August', '2027.']","['O', 'B-PARTY', 'I-PARTY', 'O', 'B-ACTION', 'O', 'B-DELIVERABLE', 'I-DELIVERABLE', 'O', 'B-DEADLINE', 'I-DEADLINE', 'I-DEADLINE']",train,122
"['The', 'Vertex', 'Digital', 'shall', 'pay', 'the', 'software', 'engineer', 'INR', '100,000', 'after', 'client', 'acceptance.']","['O', 'B-PARTY', 'I-PARTY', 'O', 'O', 'O', 'B-ROLE', 'I-ROLE', 'B-AMOUNT', 'I-AMOUNT', 'B-CONDITION', 'I-CONDITION', 'I-CONDITION']",train,123
"['The', 'Delta', 'Apps', 'shall', 'provide', 'test', 'accounts', 'by', '30', 'August', '2027.']","['O', 'B-PARTY', 'I-PARTY', 'O', 'O', 'B-DELIVERABLE', 'I-DELIVERABLE', 'O', 'B-DEADLINE', 'I-DEADLINE', 'I-DEADLINE']",train,124
"['The', 'freelance', 'developer', 'shall', 'return', 'testing', 'report', 'within', 'eight', 'weeks', 'after', 'termination.']","['O', 'B-ROLE', 'I-ROLE', 'O', 'O', 'B-DELIVERABLE', 'I-DELIVERABLE', 'O', 'B-DURATION', 'I-DURATION', 'O', 'O']",train,125
"['The', 'software', 'engineer', 'shall', 'install', 'security', 'updates', 'during', 'the', 'maintenance', 'period.']","['O', 'B-ROLE', 'I-ROLE', 'O', 'O', 'B-DELIVERABLE', 'I-DELIVERABLE', 'O', 'O', 'O', 'O']",train,126
"['Invoices', 'shall', 'be', 'submitted', 'on', 'the', 'first', 'day', 'of', 'each', 'month.']","['O', 'O', 'O', 'O', 'O', 'B-DATE', 'I-DATE', 'I-DATE', 'I-DATE', 'I-DATE', 'I-DATE']",train,127
"['The', 'agreement', 'shall', 'expire', 'on', '30', 'November', '2027.']","['O', 'O', 'O', 'O', 'O', 'B-DATE', 'I-DATE', 'I-DATE']",train,128
"['The', 'NextGen', 'Systems', 'may', 'reject', 'a', 'technical', 'documentation', 'that', 'does', 'not', 'satisfy', 'the', 'agreed', 'specifications.']","['O', 'B-PARTY', 'I-PARTY', 'O', 'O', 'O', 'B-DELIVERABLE', 'I-DELIVERABLE', 'O', 'O', 'O', 'O', 'O', 'O', 'O']",train,129
"['The', 'NextGen', 'Systems', 'shall', 'provide', 'cloud', 'credentials', 'by', '20', 'May', '2027.']","['O', 'B-PARTY', 'I-PARTY', 'O', 'O', 'B-DELIVERABLE', 'I-DELIVERABLE', 'O', 'B-DEADLINE', 'I-DEADLINE', 'I-DEADLINE']",train,130
"['The', 'software', 'engineer', 'shall', 'retain', 'cloud', 'environment', 'for', 'twelve', 'weeks.']","['O', 'B-ROLE', 'I-ROLE', 'O', 'O', 'B-DELIVERABLE', 'I-DELIVERABLE', 'O', 'B-DURATION', 'I-DURATION']",train,131
"['The', 'NextGen', 'Systems', 'shall', 'provide', 'cloud', 'credentials', 'by', '10', 'April', '2027.']","['O', 'B-PARTY', 'I-PARTY', 'O', 'O', 'B-DELIVERABLE', 'I-DELIVERABLE', 'O', 'B-DEADLINE', 'I-DEADLINE', 'I-DEADLINE']",train,132
"['The', 'contractor', 'shall', 'implement', 'the', 'web', 'application.']","['O', 'B-ROLE', 'O', 'B-ACTION', 'O', 'B-DELIVERABLE', 'I-DELIVERABLE']",train,133
"['The', 'agreement', 'may', 'be', 'renewed', 'for', 'six', 'weeks', 'by', 'mutual', 'written', 'consent.']","['O', 'O', 'O', 'O', 'O', 'O', 'B-DURATION', 'I-DURATION', 'O', 'O', 'O', 'O']",train,134
"['The', 'freelance', 'developer', 'shall', 'provide', 'software', 'module', 'every', 'Monday.']","['O', 'B-ROLE', 'I-ROLE', 'O', 'O', 'B-DELIVERABLE', 'I-DELIVERABLE', 'O', 'B-DATE']",train,135
"['The', 'GreenByte', 'Ltd.', 'shall', 'make', 'the', 'first', 'installment', 'of', 'INR', '25,000', 'upon', 'completion.']","['O', 'B-PARTY', 'I-PARTY', 'O', 'O', 'O', 'B-PAYMENT', 'I-PAYMENT', 'O', 'B-AMOUNT', 'I-AMOUNT', 'B-CONDITION', 'I-CONDITION']",train,136
"['The', 'freelance', 'developer', 'shall', 'provide', 'written', 'notice', 'at', 'least', 'one', 'year', 'before', 'termination.']","['O', 'B-ROLE', 'I-ROLE', 'O', 'O', 'B-NOTICE', 'I-NOTICE', 'O', 'O', 'B-DURATION', 'I-DURATION', 'O', 'O']",train,137
"['The', 'CodeCraft', 'Solutions', 'shall', 'make', 'the', 'milestone', 'payment', 'of', 'USD', '3,000', 'upon', 'completion.']","['O', 'B-PARTY', 'I-PARTY', 'O', 'O', 'O', 'B-PAYMENT', 'I-PAYMENT', 'O', 'B-AMOUNT', 'I-AMOUNT', 'B-CONDITION', 'I-CONDITION']",train,138
"['The', 'software', 'engineer', 'shall', 'submit', 'software', 'module', 'to', 'BluePeak', 'Labs', 'on', '28', 'March', '2027.']","['O', 'B-ROLE', 'I-ROLE', 'O', 'O', 'B-DELIVERABLE', 'I-DELIVERABLE', 'O', 'B-PARTY', 'I-PARTY', 'O', 'B-DATE', 'I-DATE', 'I-DATE']",train,139
"['Milestone', 'two', 'must', 'be', 'completed', 'by', '25', 'October', '2027.']","['O', 'B-DELIVERABLE', 'O', 'O', 'O', 'O', 'B-DEADLINE', 'I-DEADLINE', 'I-DEADLINE']",train,140
"['The', 'technical', 'consultant', 'shall', 'configure', 'the', 'production', 'server', 'before', 'deployment.']","['O', 'B-ROLE', 'I-ROLE', 'O', 'O', 'O', 'B-DELIVERABLE', 'I-DELIVERABLE', 'O', 'O']",train,141
"['The', 'software', 'developer', 'shall', 'protect', 'confidential', 'information', 'received', 'from', 'the', 'CloudNine', 'Technologies.']","['O', 'B-ROLE', 'I-ROLE', 'O', 'O', 'B-DELIVERABLE', 'I-DELIVERABLE', 'O', 'O', 'O', 'B-PARTY', 'I-PARTY']",train,142
"['The', 'Orion', 'Systems', 'shall', 'make', 'the', 'first', 'installment', 'of', 'INR', '150,000', 'subject', 'to', 'client', 'approval.']","['O', 'B-PARTY', 'I-PARTY', 'O', 'O', 'O', 'B-PAYMENT', 'I-PAYMENT', 'O', 'B-AMOUNT', 'I-AMOUNT', 'B-CONDITION', 'I-CONDITION', 'I-CONDITION', 'I-CONDITION']",train,143
"['The', 'technical', 'consultant', 'shall', 'provide', 'renewal', 'notice', 'at', 'least', 'eight', 'weeks', 'before', 'termination.']","['O', 'B-ROLE', 'I-ROLE', 'O', 'O', 'B-NOTICE', 'I-NOTICE', 'O', 'O', 'B-DURATION', 'I-DURATION', 'O', 'O']",train,144
"['The', 'PixelWorks', 'shall', 'approve', 'the', 'mobile', 'application', 'within', 'ten', 'days.']","['O', 'B-PARTY', 'O', 'O', 'O', 'B-DELIVERABLE', 'I-DELIVERABLE', 'O', 'B-DURATION', 'I-DURATION']",train,145
"['The', 'BluePeak', 'Labs', 'shall', 'notify', 'the', 'other', 'party', 'of', 'a', 'renewal', 'request', 'at', 'least', 'one', 'year', 'before', 'expiry.']","['O', 'B-PARTY', 'I-PARTY', 'O', 'O', 'O', 'O', 'O', 'O', 'O', 'O', 'O', 'O', 'O', 'B-DEADLINE', 'I-DEADLINE', 'O', 'O']",train,146
"['The', 'software', 'developer', 'shall', 'update', 'the', 'cloud', 'environment.']","['O', 'B-ROLE', 'I-ROLE', 'O', 'B-ACTION', 'O', 'B-DELIVERABLE', 'I-DELIVERABLE']",train,147
"['The', 'BluePeak', 'Labs', 'shall', 'provide', 'API', 'integration', 'to', 'the', 'technical', 'consultant', 'before', 'development', 'begins.']","['O', 'B-PARTY', 'I-PARTY', 'O', 'O', 'B-DELIVERABLE', 'I-DELIVERABLE', 'O', 'O', 'B-ROLE', 'I-ROLE', 'O', 'O', 'O']",train,148
"['The', 'development', 'team', 'shall', 'document', 'backend', 'service', 'after', 'successful', 'testing.']","['O', 'B-ROLE', 'I-ROLE', 'O', 'O', 'B-DELIVERABLE', 'I-DELIVERABLE', 'O', 'O', 'O']",train,149
"['The', 'GreenByte', 'Ltd.', 'shall', 'pay', 'the', 'outstanding', 'balance', 'within', 'one', 'year', 'after', 'termination.']","['O', 'B-PARTY', 'I-PARTY', 'O', 'O', 'O', 'O', 'B-PAYMENT', 'O', 'B-DURATION', 'I-DURATION', 'O', 'O']",train,150
"['The', 'technical', 'consultant', 'shall', 'update', 'the', 'user', 'interface.']","['O', 'B-ROLE', 'I-ROLE', 'O', 'B-ACTION', 'O', 'B-DELIVERABLE', 'I-DELIVERABLE']",train,151
"['The', 'NovaSoft', 'Solutions', 'shall', 'review', 'cloud', 'environment', 'on', '5', 'January', '2027.']","['O', 'B-PARTY', 'I-PARTY', 'O', 'O', 'B-DELIVERABLE', 'I-DELIVERABLE', 'O', 'B-DATE', 'I-DATE', 'I-DATE']",train,152
"['The', 'software', 'developer', 'shall', 'retain', 'technical', 'documentation', 'for', 'fourteen', 'days.']","['O', 'B-ROLE', 'I-ROLE', 'O', 'O', 'B-DELIVERABLE', 'I-DELIVERABLE', 'O', 'B-DURATION', 'I-DURATION']",train,153
"['The', 'software', 'engineer', 'shall', 'deploy', 'the', 'web', 'application.']","['O', 'B-ROLE', 'I-ROLE', 'O', 'B-ACTION', 'O', 'B-DELIVERABLE', 'I-DELIVERABLE']",train,154
"['The', 'software', 'developer', 'shall', 'provide', 'defect', 'notice', 'at', 'least', 'six', 'months', 'before', 'termination.']","['O', 'B-ROLE', 'I-ROLE', 'O', 'O', 'B-NOTICE', 'I-NOTICE', 'O', 'O', 'B-DURATION', 'I-DURATION', 'O', 'O']",train,155
"['The', 'Vertex', 'Digital', 'may', 'update', 'the', 'source', 'code', 'after', 'after', 'client', 'acceptance.']","['O', 'B-PARTY', 'I-PARTY', 'O', 'B-ACTION', 'O', 'B-DELIVERABLE', 'I-DELIVERABLE', 'O', 'B-CONDITION', 'I-CONDITION', 'I-CONDITION']",train,156
"['The', 'software', 'developer', 'shall', 'provide', 'termination', 'notice', 'at', 'least', 'thirty', 'days', 'before', 'termination.']","['O', 'B-ROLE', 'I-ROLE', 'O', 'O', 'B-NOTICE', 'I-NOTICE', 'O', 'O', 'B-DURATION', 'I-DURATION', 'O', 'O']",train,157
"['The', 'CodeCraft', 'Solutions', 'shall', 'pay', 'each', 'undisputed', 'invoice', 'within', 'eight', 'weeks.']","['O', 'B-PARTY', 'I-PARTY', 'O', 'O', 'O', 'O', 'O', 'O', 'B-DURATION', 'I-DURATION']",train,158
"['The', 'Zenith', 'Tech', 'shall', 'approve', 'the', 'mobile', 'application', 'within', 'eight', 'weeks.']","['O', 'B-PARTY', 'I-PARTY', 'O', 'O', 'O', 'B-DELIVERABLE', 'I-DELIVERABLE', 'O', 'B-DURATION', 'I-DURATION']",train,159
"['Rahul', 'Sharma', 'is', 'responsible', 'for', 'develop', 'the', 'technical', 'documentation.']","['B-PERSON', 'I-PERSON', 'O', 'O', 'O', 'B-ACTION', 'O', 'B-DELIVERABLE', 'I-DELIVERABLE']",train,160
"['The', 'software', 'developer', 'shall', 'return', 'backend', 'service', 'within', 'twelve', 'weeks', 'after', 'termination.']","['O', 'B-ROLE', 'I-ROLE', 'O', 'O', 'B-DELIVERABLE', 'I-DELIVERABLE', 'O', 'B-DURATION', 'I-DURATION', 'O', 'O']",train,161
"['Ananya', 'Sen', 'shall', 'provide', 'the', 'prototype', 'within', 'three', 'months.']","['B-PERSON', 'I-PERSON', 'O', 'B-ACTION', 'O', 'B-DELIVERABLE', 'O', 'B-DURATION', 'I-DURATION']",train,162
"['The', 'development', 'team', 'shall', 'return', 'database', 'schema', 'within', 'seven', 'days', 'after', 'termination.']","['O', 'B-ROLE', 'I-ROLE', 'O', 'O', 'B-DELIVERABLE', 'I-DELIVERABLE', 'O', 'B-DURATION', 'I-DURATION', 'O', 'O']",train,163
"['The', 'developer', 'shall', 'provide', 'renewal', 'notice', 'at', 'least', 'five', 'business', 'days', 'before', 'termination.']","['O', 'B-ROLE', 'O', 'O', 'B-NOTICE', 'I-NOTICE', 'O', 'O', 'B-DURATION', 'I-DURATION', 'I-DURATION', 'O', 'O']",train,164
"['The', 'Vertex', 'Digital', 'shall', 'design', 'the', 'backend', 'service', 'by', '15', 'July', '2027.']","['O', 'B-PARTY', 'I-PARTY', 'O', 'B-ACTION', 'O', 'B-DELIVERABLE', 'I-DELIVERABLE', 'O', 'B-DEADLINE', 'I-DEADLINE', 'I-DEADLINE']",train,165
"['The', 'PixelWorks', 'owns', 'the', 'deployment', 'package', 'after', 'full', 'payment.']","['O', 'B-PARTY', 'O', 'O', 'B-DELIVERABLE', 'I-DELIVERABLE', 'O', 'B-CONDITION', 'I-CONDITION']",train,166
"['Vertex', 'Digital', 'will', 'deliver', 'the', 'deployment', 'package', 'upon', 'completion.']","['B-PARTY', 'I-PARTY', 'O', 'B-ACTION', 'O', 'B-DELIVERABLE', 'I-DELIVERABLE', 'B-CONDITION', 'I-CONDITION']",train,167
"['The', 'technical', 'consultant', 'shall', 'correct', 'rejected', 'work', 'within', 'six', 'weeks.']","['O', 'B-ROLE', 'I-ROLE', 'O', 'O', 'B-DELIVERABLE', 'I-DELIVERABLE', 'O', 'B-DURATION', 'I-DURATION']",train,168
"['The', 'Delta', 'Apps', 'may', 'deploy', 'the', 'security', 'configuration', 'after', 'upon', 'completion.']","['O', 'B-PARTY', 'I-PARTY', 'O', 'B-ACTION', 'O', 'B-DELIVERABLE', 'I-DELIVERABLE', 'O', 'B-CONDITION', 'I-CONDITION']",train,169
"['The', 'software', 'engineer', 'shall', 'retain', 'API', 'integration', 'for', 'six', 'weeks.']","['O', 'B-ROLE', 'I-ROLE', 'O', 'O', 'B-DELIVERABLE', 'I-DELIVERABLE', 'O', 'B-DURATION', 'I-DURATION']",train,170
"['The', 'Orion', 'Systems', 'shall', 'install', 'the', 'API', 'integration', 'by', '28', 'March', '2027.']","['O', 'B-PARTY', 'I-PARTY', 'O', 'B-ACTION', 'O', 'B-DELIVERABLE', 'I-DELIVERABLE', 'O', 'B-DEADLINE', 'I-DEADLINE', 'I-DEADLINE']",train,171
"['The', 'Apex', 'Software', 'may', 'test', 'the', 'web', 'application', 'after', 'after', 'client', 'acceptance.']","['O', 'B-PARTY', 'I-PARTY', 'O', 'B-ACTION', 'O', 'B-DELIVERABLE', 'I-DELIVERABLE', 'O', 'B-CONDITION', 'I-CONDITION', 'I-CONDITION']",train,172
"['The', 'BluePeak', 'Labs', 'shall', 'pay', 'the', 'developer', 'USD', '1,500', 'upon', 'completion.']","['O', 'B-PARTY', 'I-PARTY', 'O', 'O', 'O', 'B-ROLE', 'B-AMOUNT', 'I-AMOUNT', 'B-CONDITION', 'I-CONDITION']",train,173
"['The', 'technical', 'consultant', 'shall', 'install', 'dependencies', 'during', 'the', 'maintenance', 'period.']","['O', 'B-ROLE', 'I-ROLE', 'O', 'O', 'B-DELIVERABLE', 'O', 'O', 'O', 'O']",train,174
"['The', 'ABC', 'Technologies', 'shall', 'pay', 'the', 'contractor', 'INR', '75,000', 'before', 'development', 'begins.']","['O', 'B-PARTY', 'I-PARTY', 'O', 'O', 'O', 'B-ROLE', 'B-AMOUNT', 'I-AMOUNT', 'B-CONDITION', 'I-CONDITION', 'I-CONDITION']",train,175
"['Rahul', 'Sharma', 'is', 'responsible', 'for', 'deliver', 'the', 'security', 'configuration.']","['B-PERSON', 'I-PERSON', 'O', 'O', 'O', 'B-ACTION', 'O', 'B-DELIVERABLE', 'I-DELIVERABLE']",train,176
"['The', 'maintenance', 'period', 'begins', 'on', '25', 'October', '2027.']","['O', 'O', 'O', 'O', 'O', 'B-DATE', 'I-DATE', 'I-DATE']",train,177
"['NovaSoft', 'Solutions', 'will', 'build', 'the', 'user', 'interface', 'subject', 'to', 'client', 'approval.']","['B-PARTY', 'I-PARTY', 'O', 'B-ACTION', 'O', 'B-DELIVERABLE', 'I-DELIVERABLE', 'B-CONDITION', 'I-CONDITION', 'I-CONDITION', 'I-CONDITION']",train,178
"['The', 'freelance', 'developer', 'shall', 'provide', 'acceptance', 'notice', 'at', 'least', 'six', 'weeks', 'before', 'termination.']","['O', 'B-ROLE', 'I-ROLE', 'O', 'O', 'B-NOTICE', 'I-NOTICE', 'O', 'O', 'B-DURATION', 'I-DURATION', 'O', 'O']",train,179
"['The', 'technical', 'consultant', 'shall', 'respond', 'to', 'mobile', 'application', 'within', 'three', 'months.']","['O', 'B-ROLE', 'I-ROLE', 'O', 'O', 'O', 'B-DELIVERABLE', 'I-DELIVERABLE', 'O', 'B-DURATION', 'I-DURATION']",train,180
"['The', 'CodeCraft', 'Solutions', 'may', 'reject', 'a', 'software', 'module', 'that', 'does', 'not', 'satisfy', 'the', 'agreed', 'specifications.']","['O', 'B-PARTY', 'I-PARTY', 'O', 'O', 'O', 'B-DELIVERABLE', 'I-DELIVERABLE', 'O', 'O', 'O', 'O', 'O', 'O', 'O']",train,181
"['The', 'freelance', 'developer', 'shall', 'document', 'deployment', 'package', 'after', 'successful', 'testing.']","['O', 'B-ROLE', 'I-ROLE', 'O', 'O', 'B-DELIVERABLE', 'I-DELIVERABLE', 'O', 'O', 'O']",train,182
"['The', 'Bright', 'Labs', 'shall', 'pay', 'the', 'software', 'developer', 'USD', '3,000', 'upon', 'signing.']","['O', 'B-PARTY', 'I-PARTY', 'O', 'O', 'O', 'B-ROLE', 'I-ROLE', 'B-AMOUNT', 'I-AMOUNT', 'B-CONDITION', 'I-CONDITION']",train,183
"['The', 'Vertex', 'Digital', 'shall', 'pay', 'each', 'undisputed', 'invoice', 'within', 'three', 'days.']","['O', 'B-PARTY', 'I-PARTY', 'O', 'O', 'O', 'O', 'O', 'O', 'B-DURATION', 'I-DURATION']",train,184
"['The', 'Orion', 'Systems', 'shall', 'approve', 'the', 'mobile', 'application', 'within', 'three', 'days.']","['O', 'B-PARTY', 'I-PARTY', 'O', 'O', 'O', 'B-DELIVERABLE', 'I-DELIVERABLE', 'O', 'B-DURATION', 'I-DURATION']",train,185
"['The', 'software', 'engineer', 'shall', 'provide', 'backend', 'service', 'every', 'month.']","['O', 'B-ROLE', 'I-ROLE', 'O', 'O', 'B-DELIVERABLE', 'I-DELIVERABLE', 'O', 'B-DATE']",train,186
"['NovaSoft', 'Solutions', 'will', 'deploy', 'the', 'database', 'schema', 'after', 'final', 'delivery.']","['B-PARTY', 'I-PARTY', 'O', 'B-ACTION', 'O', 'B-DELIVERABLE', 'I-DELIVERABLE', 'B-CONDITION', 'I-CONDITION', 'I-CONDITION']",train,187
"['The', 'NovaSoft', 'Solutions', 'shall', 'pay', 'each', 'undisputed', 'invoice', 'within', 'six', 'months.']","['O', 'B-PARTY', 'I-PARTY', 'O', 'O', 'O', 'O', 'O', 'O', 'B-DURATION', 'I-DURATION']",train,188
"['The', 'NovaSoft', 'Solutions', 'shall', 'review', 'technical', 'documentation', 'on', '12', 'September', '2027.']","['O', 'B-PARTY', 'I-PARTY', 'O', 'O', 'B-DELIVERABLE', 'I-DELIVERABLE', 'O', 'B-DATE', 'I-DATE', 'I-DATE']",train,189
"['Karan', 'Singh', 'is', 'responsible', 'for', 'design', 'the', 'deployment', 'package.']","['B-PERSON', 'I-PERSON', 'O', 'O', 'O', 'B-ACTION', 'O', 'B-DELIVERABLE', 'I-DELIVERABLE']",train,190
"['The', 'contractor', 'shall', 'not', 'disclose', 'the', 'cloud', 'environment', 'to', 'any', 'third', 'party.']","['O', 'B-ROLE', 'O', 'O', 'O', 'O', 'B-DELIVERABLE', 'I-DELIVERABLE', 'O', 'O', 'B-PARTY', 'I-PARTY']",train,191
"['The', 'CodeCraft', 'Solutions', 'shall', 'provide', 'technical', 'documentation', 'to', 'the', 'software', 'engineer', 'before', 'development', 'begins.']","['O', 'B-PARTY', 'I-PARTY', 'O', 'O', 'B-DELIVERABLE', 'I-DELIVERABLE', 'O', 'O', 'B-ROLE', 'I-ROLE', 'O', 'O', 'O']",train,192
"['The', 'security', 'configuration', 'shall', 'be', 'delivered', 'no', 'later', 'than', '28', 'March', '2027.']","['O', 'B-DELIVERABLE', 'I-DELIVERABLE', 'O', 'O', 'O', 'O', 'O', 'O', 'B-DEADLINE', 'I-DEADLINE', 'I-DEADLINE']",train,193
"['The', 'software', 'engineer', 'shall', 'not', 'disclose', 'the', 'source', 'code', 'to', 'any', 'third', 'party.']","['O', 'B-ROLE', 'I-ROLE', 'O', 'O', 'O', 'O', 'B-DELIVERABLE', 'I-DELIVERABLE', 'O', 'O', 'B-PARTY', 'I-PARTY']",train,194
"['The', 'software', 'developer', 'shall', 'submit', 'prototype', 'to', 'PixelWorks', 'on', '5', 'January', '2027.']","['O', 'B-ROLE', 'I-ROLE', 'O', 'O', 'B-DELIVERABLE', 'O', 'B-PARTY', 'O', 'B-DATE', 'I-DATE', 'I-DATE']",train,195
"['The', 'user', 'interface', 'shall', 'be', 'delivered', 'no', 'later', 'than', '15', 'July', '2027.']","['O', 'B-DELIVERABLE', 'I-DELIVERABLE', 'O', 'O', 'O', 'O', 'O', 'O', 'B-DEADLINE', 'I-DEADLINE', 'I-DEADLINE']",train,196
"['The', 'development', 'team', 'may', 'request', 'an', 'extension', 'before', 'the', 'delivery', 'deadline.']","['O', 'B-ROLE', 'I-ROLE', 'O', 'O', 'O', 'O', 'O', 'O', 'B-DEADLINE', 'I-DEADLINE']",train,197
"['The', 'BluePeak', 'Labs', 'shall', 'pay', 'the', 'technical', 'consultant', 'USD', '1,500', 'before', 'development', 'begins.']","['O', 'B-PARTY', 'I-PARTY', 'O', 'O', 'O', 'B-ROLE', 'I-ROLE', 'B-AMOUNT', 'I-AMOUNT', 'B-CONDITION', 'I-CONDITION', 'I-CONDITION']",train,198
"['The', 'software', 'engineer', 'shall', 'document', 'source', 'code', 'after', 'successful', 'testing.']","['O', 'B-ROLE', 'I-ROLE', 'O', 'O', 'B-DELIVERABLE', 'I-DELIVERABLE', 'O', 'O', 'O']",train,199
"['The', 'CodeCraft', 'Solutions', 'shall', 'provide', 'cloud', 'credentials', 'by', '15', 'February', '2027.']","['O', 'B-PARTY', 'I-PARTY', 'O', 'O', 'B-DELIVERABLE', 'I-DELIVERABLE', 'O', 'B-DEADLINE', 'I-DEADLINE', 'I-DEADLINE']",train,200
"['The', 'developer', 'shall', 'configure', 'the', 'cloud', 'environment', 'before', 'deployment.']","['O', 'B-ROLE', 'O', 'O', 'O', 'B-DELIVERABLE', 'I-DELIVERABLE', 'O', 'O']",train,201
"['The', 'NextGen', 'Systems', 'shall', 'nominate', 'a', 'project', 'manager', 'for', 'the', 'engagement.']","['O', 'B-PARTY', 'I-PARTY', 'O', 'O', 'O', 'B-ROLE', 'I-ROLE', 'O', 'O', 'O']",train,202
"['The', 'freelance', 'developer', 'shall', 'return', 'user', 'interface', 'within', 'ten', 'days', 'after', 'termination.']","['O', 'B-ROLE', 'I-ROLE', 'O', 'O', 'B-DELIVERABLE', 'I-DELIVERABLE', 'O', 'B-DURATION', 'I-DURATION', 'O', 'O']",train,203
"['The', 'software', 'developer', 'shall', 'provide', 'software', 'module', 'every', 'week.']","['O', 'B-ROLE', 'I-ROLE', 'O', 'O', 'B-DELIVERABLE', 'I-DELIVERABLE', 'O', 'B-DATE']",train,204
"['The', 'contractor', 'shall', 'protect', 'confidential', 'information', 'received', 'from', 'the', 'Vertex', 'Digital.']","['O', 'B-ROLE', 'O', 'O', 'B-DELIVERABLE', 'I-DELIVERABLE', 'O', 'O', 'O', 'B-PARTY', 'I-PARTY']",train,205
"['The', 'CloudNine', 'Technologies', 'shall', 'provide', 'deployment', 'package', 'to', 'the', 'development', 'team', 'before', 'development', 'begins.']","['O', 'B-PARTY', 'I-PARTY', 'O', 'O', 'B-DELIVERABLE', 'I-DELIVERABLE', 'O', 'O', 'B-ROLE', 'I-ROLE', 'O', 'O', 'O']",train,206
"['The', 'BluePeak', 'Labs', 'shall', 'pay', 'the', 'outstanding', 'balance', 'within', 'six', 'months', 'after', 'termination.']","['O', 'B-PARTY', 'I-PARTY', 'O', 'O', 'O', 'O', 'B-PAYMENT', 'O', 'B-DURATION', 'I-DURATION', 'O', 'O']",train,207
"['The', 'BluePeak', 'Labs', 'may', 'update', 'the', 'API', 'integration', 'after', 'upon', 'receipt', 'of', 'written', 'approval.']","['O', 'B-PARTY', 'I-PARTY', 'O', 'B-ACTION', 'O', 'B-DELIVERABLE', 'I-DELIVERABLE', 'O', 'B-CONDITION', 'I-CONDITION', 'I-CONDITION', 'I-CONDITION', 'I-CONDITION']",train,208
"['The', 'Vertex', 'Digital', 'shall', 'notify', 'the', 'other', 'party', 'of', 'a', 'renewal', 'request', 'at', 'least', 'ten', 'days', 'before', 'expiry.']","['O', 'B-PARTY', 'I-PARTY', 'O', 'O', 'O', 'O', 'O', 'O', 'O', 'O', 'O', 'O', 'O', 'B-DEADLINE', 'I-DEADLINE', 'O', 'O']",train,209
"['Milestone', 'one', 'must', 'be', 'completed', 'by', '20', 'May', '2027.']","['B-DELIVERABLE', 'O', 'O', 'O', 'O', 'O', 'B-DEADLINE', 'I-DEADLINE', 'I-DEADLINE']",train,210
"['The', 'software', 'engineer', 'shall', 'provide', 'termination', 'notice', 'at', 'least', 'one', 'year', 'before', 'termination.']","['O', 'B-ROLE', 'I-ROLE', 'O', 'O', 'B-NOTICE', 'I-NOTICE', 'O', 'O', 'B-DURATION', 'I-DURATION', 'O', 'O']",train,211
"['The', 'developer', 'shall', 'return', 'technical', 'documentation', 'within', 'fourteen', 'days', 'after', 'termination.']","['O', 'B-ROLE', 'O', 'O', 'B-DELIVERABLE', 'I-DELIVERABLE', 'O', 'B-DURATION', 'I-DURATION', 'O', 'O']",train,212
"['The', 'freelance', 'developer', 'shall', 'not', 'disclose', 'the', 'web', 'application', 'to', 'any', 'third', 'party.']","['O', 'B-ROLE', 'I-ROLE', 'O', 'O', 'O', 'O', 'B-DELIVERABLE', 'I-DELIVERABLE', 'O', 'O', 'B-PARTY', 'I-PARTY']",train,213
"['The', 'project', 'fee', 'is', 'USD', '5,000', 'and', 'shall', 'be', 'paid', 'after', 'successful', 'testing.']","['O', 'O', 'O', 'O', 'B-AMOUNT', 'I-AMOUNT', 'O', 'O', 'O', 'O', 'B-CONDITION', 'I-CONDITION', 'I-CONDITION']",train,214
"['Rohan', 'Das', 'shall', 'test', 'the', 'project', 'documentation', 'within', 'three', 'months.']","['B-PERSON', 'I-PERSON', 'O', 'B-ACTION', 'O', 'B-DELIVERABLE', 'I-DELIVERABLE', 'O', 'B-DURATION', 'I-DURATION']",train,215
"['The', 'parties', 'shall', 'conduct', 'a', 'final', 'review', 'after', 'final', 'delivery.']","['O', 'O', 'O', 'O', 'O', 'B-DELIVERABLE', 'I-DELIVERABLE', 'B-CONDITION', 'I-CONDITION', 'I-CONDITION']",train,216
"['The', 'Apex', 'Software', 'shall', 'review', 'technical', 'documentation', 'on', '15', 'December', '2027.']","['O', 'B-PARTY', 'I-PARTY', 'O', 'O', 'B-DELIVERABLE', 'I-DELIVERABLE', 'O', 'B-DATE', 'I-DATE', 'I-DATE']",train,217
"['The', 'developer', 'shall', 'submit', 'user', 'interface', 'to', 'Vertex', 'Digital', 'on', '20', 'May', '2027.']","['O', 'B-ROLE', 'O', 'O', 'B-DELIVERABLE', 'I-DELIVERABLE', 'O', 'B-PARTY', 'I-PARTY', 'O', 'B-DATE', 'I-DATE', 'I-DATE']",train,218
"['The', 'agreement', 'shall', 'commence', 'on', '15', 'July', '2027', 'and', 'continue', 'for', 'three', 'months.']","['O', 'O', 'O', 'O', 'O', 'B-DATE', 'I-DATE', 'I-DATE', 'O', 'O', 'O', 'B-DURATION', 'I-DURATION']",train,219
"['The', 'development', 'team', 'shall', 'respond', 'to', 'security', 'configuration', 'within', 'seven', 'days.']","['O', 'B-ROLE', 'I-ROLE', 'O', 'O', 'O', 'B-DELIVERABLE', 'I-DELIVERABLE', 'O', 'B-DURATION', 'I-DURATION']",train,220
"['The', 'project', 'fee', 'is', 'INR', '150,000', 'and', 'shall', 'be', 'paid', 'before', 'deployment.']","['O', 'O', 'O', 'O', 'B-AMOUNT', 'I-AMOUNT', 'O', 'O', 'O', 'O', 'B-CONDITION', 'I-CONDITION']",train,221
"['The', 'development', 'team', 'shall', 'not', 'disclose', 'the', 'testing', 'report', 'to', 'any', 'third', 'party.']","['O', 'B-ROLE', 'I-ROLE', 'O', 'O', 'O', 'O', 'B-DELIVERABLE', 'I-DELIVERABLE', 'O', 'O', 'B-PARTY', 'I-PARTY']",train,222
"['The', 'Bright', 'Labs', 'shall', 'pay', 'the', 'outstanding', 'balance', 'within', 'six', 'months', 'after', 'termination.']","['O', 'B-PARTY', 'I-PARTY', 'O', 'O', 'O', 'O', 'B-PAYMENT', 'O', 'B-DURATION', 'I-DURATION', 'O', 'O']",train,223
"['The', 'freelance', 'developer', 'shall', 'provide', 'written', 'notice', 'at', 'least', 'six', 'months', 'before', 'termination.']","['O', 'B-ROLE', 'I-ROLE', 'O', 'O', 'B-NOTICE', 'I-NOTICE', 'O', 'O', 'B-DURATION', 'I-DURATION', 'O', 'O']",train,224
"['The', 'NextGen', 'Systems', 'may', 'reject', 'a', 'deployment', 'package', 'that', 'does', 'not', 'satisfy', 'the', 'agreed', 'specifications.']","['O', 'B-PARTY', 'I-PARTY', 'O', 'O', 'O', 'B-DELIVERABLE', 'I-DELIVERABLE', 'O', 'O', 'O', 'O', 'O', 'O', 'O']",train,225
"['The', 'PixelWorks', 'shall', 'review', 'security', 'configuration', 'on', '15', 'December', '2027.']","['O', 'B-PARTY', 'O', 'O', 'B-DELIVERABLE', 'I-DELIVERABLE', 'O', 'B-DATE', 'I-DATE', 'I-DATE']",train,226
"['Either', 'party', 'may', 'terminate', 'the', 'agreement', 'by', 'giving', 'eight', 'weeks', 'written', 'notice.']","['O', 'B-PARTY', 'O', 'O', 'O', 'O', 'O', 'O', 'B-DURATION', 'I-DURATION', 'O', 'O']",train,227
"['The', 'Delta', 'Apps', 'shall', 'pay', 'the', 'technical', 'consultant', 'USD', '3,000', 'before', 'development', 'begins.']","['O', 'B-PARTY', 'I-PARTY', 'O', 'O', 'O', 'B-ROLE', 'I-ROLE', 'B-AMOUNT', 'I-AMOUNT', 'B-CONDITION', 'I-CONDITION', 'I-CONDITION']",train,228
"['Priya', 'Mehta', 'is', 'responsible', 'for', 'review', 'the', 'user', 'interface.']","['B-PERSON', 'I-PERSON', 'O', 'O', 'O', 'B-ACTION', 'O', 'B-DELIVERABLE', 'I-DELIVERABLE']",train,229
"['The', 'ABC', 'Technologies', 'shall', 'notify', 'the', 'other', 'party', 'of', 'a', 'renewal', 'request', 'at', 'least', 'thirty', 'days', 'before', 'expiry.']","['O', 'B-PARTY', 'I-PARTY', 'O', 'O', 'O', 'O', 'O', 'O', 'O', 'O', 'O', 'O', 'O', 'B-DEADLINE', 'I-DEADLINE', 'O', 'O']",train,230
"['The', 'software', 'engineer', 'shall', 'protect', 'confidential', 'information', 'received', 'from', 'the', 'CodeCraft', 'Solutions.']","['O', 'B-ROLE', 'I-ROLE', 'O', 'O', 'B-DELIVERABLE', 'I-DELIVERABLE', 'O', 'O', 'O', 'B-PARTY', 'I-PARTY']",train,231
"['Milestone', 'three', 'must', 'be', 'completed', 'by', '30', 'November', '2027.']","['O', 'B-DELIVERABLE', 'O', 'O', 'O', 'O', 'B-DEADLINE', 'I-DEADLINE', 'I-DEADLINE']",train,232
"['The', 'Orion', 'Systems', 'may', 'reject', 'a', 'prototype', 'that', 'does', 'not', 'satisfy', 'the', 'agreed', 'specifications.']","['O', 'B-PARTY', 'I-PARTY', 'O', 'O', 'O', 'B-DELIVERABLE', 'O', 'O', 'O', 'O', 'O', 'O', 'O']",train,233
"['The', 'contractor', 'shall', 'protect', 'confidential', 'information', 'received', 'from', 'the', 'Apex', 'Software.']","['O', 'B-ROLE', 'O', 'O', 'B-DELIVERABLE', 'I-DELIVERABLE', 'O', 'O', 'O', 'B-PARTY', 'I-PARTY']",train,234
"['The', 'Apex', 'Software', 'shall', 'review', 'cloud', 'environment', 'on', '30', 'August', '2027.']","['O', 'B-PARTY', 'I-PARTY', 'O', 'O', 'B-DELIVERABLE', 'I-DELIVERABLE', 'O', 'B-DATE', 'I-DATE', 'I-DATE']",train,235
"['The', 'Vertex', 'Digital', 'shall', 'provide', 'API', 'keys', 'by', '15', 'December', '2027.']","['O', 'B-PARTY', 'I-PARTY', 'O', 'O', 'B-DELIVERABLE', 'I-DELIVERABLE', 'O', 'B-DEADLINE', 'I-DEADLINE', 'I-DEADLINE']",train,236
"['The', 'development', 'team', 'shall', 'provide', 'backend', 'service', 'every', 'Monday.']","['O', 'B-ROLE', 'I-ROLE', 'O', 'O', 'B-DELIVERABLE', 'I-DELIVERABLE', 'O', 'B-DATE']",train,237
"['The', 'freelance', 'developer', 'shall', 'correct', 'errors', 'within', 'five', 'business', 'days.']","['O', 'B-ROLE', 'I-ROLE', 'O', 'O', 'B-DELIVERABLE', 'O', 'B-DURATION', 'I-DURATION', 'I-DURATION']",train,238
"['The', 'maintenance', 'period', 'begins', 'on', '30', 'November', '2027.']","['O', 'O', 'O', 'O', 'O', 'B-DATE', 'I-DATE', 'I-DATE']",train,239
"['The', 'Apex', 'Software', 'shall', 'pay', 'the', 'software', 'developer', 'INR', '50,000', 'after', 'termination.']","['O', 'B-PARTY', 'I-PARTY', 'O', 'O', 'O', 'B-ROLE', 'I-ROLE', 'B-AMOUNT', 'I-AMOUNT', 'B-CONDITION', 'I-CONDITION']",train,240
"['The', 'ABC', 'Technologies', 'shall', 'make', 'the', 'second', 'installment', 'of', 'USD', '1,500', 'subject', 'to', 'client', 'approval.']","['O', 'B-PARTY', 'I-PARTY', 'O', 'O', 'O', 'B-PAYMENT', 'I-PAYMENT', 'O', 'B-AMOUNT', 'I-AMOUNT', 'B-CONDITION', 'I-CONDITION', 'I-CONDITION', 'I-CONDITION']",train,241
"['The', 'CodeCraft', 'Solutions', 'shall', 'provide', 'technical', 'specifications', 'by', '10', 'April', '2027.']","['O', 'B-PARTY', 'I-PARTY', 'O', 'O', 'B-DELIVERABLE', 'I-DELIVERABLE', 'O', 'B-DEADLINE', 'I-DEADLINE', 'I-DEADLINE']",train,242
"['The', 'Vertex', 'Digital', 'shall', 'pay', 'each', 'undisputed', 'invoice', 'within', 'twelve', 'weeks.']","['O', 'B-PARTY', 'I-PARTY', 'O', 'O', 'O', 'O', 'O', 'O', 'B-DURATION', 'I-DURATION']",train,243
"['The', 'software', 'engineer', 'shall', 'document', 'project', 'documentation', 'after', 'successful', 'testing.']","['O', 'B-ROLE', 'I-ROLE', 'O', 'O', 'B-DELIVERABLE', 'I-DELIVERABLE', 'O', 'O', 'O']",train,244
"['The', 'software', 'developer', 'shall', 'provide', 'project', 'documentation', 'every', 'Monday.']","['O', 'B-ROLE', 'I-ROLE', 'O', 'O', 'B-DELIVERABLE', 'I-DELIVERABLE', 'O', 'B-DATE']",train,245
"['The', 'technical', 'consultant', 'shall', 'install', 'security', 'updates', 'during', 'the', 'maintenance', 'period.']","['O', 'B-ROLE', 'I-ROLE', 'O', 'O', 'B-DELIVERABLE', 'I-DELIVERABLE', 'O', 'O', 'O', 'O']",train,246
"['The', 'project', 'fee', 'is', 'INR', '25,000', 'and', 'shall', 'be', 'paid', 'upon', 'receipt', 'of', 'written', 'approval.']","['O', 'O', 'O', 'O', 'B-AMOUNT', 'I-AMOUNT', 'O', 'O', 'O', 'O', 'B-CONDITION', 'I-CONDITION', 'I-CONDITION', 'I-CONDITION', 'I-CONDITION']",train,247
"['The', 'GreenByte', 'Ltd.', 'shall', 'make', 'the', 'final', 'installment', 'of', 'INR', '100,000', 'before', 'deployment.']","['O', 'B-PARTY', 'I-PARTY', 'O', 'O', 'O', 'B-PAYMENT', 'I-PAYMENT', 'O', 'B-AMOUNT', 'I-AMOUNT', 'B-CONDITION', 'I-CONDITION']",train,248
"['The', 'software', 'developer', 'shall', 'return', 'source', 'code', 'within', 'twelve', 'weeks', 'after', 'termination.']","['O', 'B-ROLE', 'I-ROLE', 'O', 'O', 'B-DELIVERABLE', 'I-DELIVERABLE', 'O', 'B-DURATION', 'I-DURATION', 'O', 'O']",train,249
"['Aditya', 'Nair', 'shall', 'correct', 'the', 'security', 'configuration', 'within', 'six', 'weeks.']","['B-PERSON', 'I-PERSON', 'O', 'B-ACTION', 'O', 'B-DELIVERABLE', 'I-DELIVERABLE', 'O', 'B-DURATION', 'I-DURATION']",train,250
"['The', 'developer', 'shall', 'respond', 'to', 'mobile', 'application', 'within', 'one', 'year.']","['O', 'B-ROLE', 'O', 'O', 'O', 'B-DELIVERABLE', 'I-DELIVERABLE', 'O', 'B-DURATION', 'I-DURATION']",train,251
"['The', 'BluePeak', 'Labs', 'shall', 'approve', 'the', 'technical', 'documentation', 'within', 'eight', 'weeks.']","['O', 'B-PARTY', 'I-PARTY', 'O', 'O', 'O', 'B-DELIVERABLE', 'I-DELIVERABLE', 'O', 'B-DURATION', 'I-DURATION']",train,252
"['The', 'software', 'developer', 'shall', 'not', 'disclose', 'the', 'software', 'module', 'to', 'any', 'third', 'party.']","['O', 'B-ROLE', 'I-ROLE', 'O', 'O', 'O', 'O', 'B-DELIVERABLE', 'I-DELIVERABLE', 'O', 'O', 'B-PARTY', 'I-PARTY']",train,253
"['The', 'Zenith', 'Tech', 'may', 'reject', 'a', 'cloud', 'environment', 'that', 'does', 'not', 'satisfy', 'the', 'agreed', 'specifications.']","['O', 'B-PARTY', 'I-PARTY', 'O', 'O', 'O', 'B-DELIVERABLE', 'I-DELIVERABLE', 'O', 'O', 'O', 'O', 'O', 'O', 'O']",train,254
"['The', 'agreement', 'may', 'be', 'renewed', 'for', 'one', 'year', 'by', 'mutual', 'written', 'consent.']","['O', 'O', 'O', 'O', 'O', 'O', 'B-DURATION', 'I-DURATION', 'O', 'O', 'O', 'O']",train,255
"['The', 'contractor', 'shall', 'retain', 'prototype', 'for', 'ten', 'days.']","['O', 'B-ROLE', 'O', 'O', 'B-DELIVERABLE', 'O', 'B-DURATION', 'I-DURATION']",train,256
"['The', 'NovaSoft', 'Solutions', 'shall', 'make', 'the', 'second', 'installment', 'of', 'INR', '75,000', 'upon', 'completion.']","['O', 'B-PARTY', 'I-PARTY', 'O', 'O', 'O', 'B-PAYMENT', 'I-PAYMENT', 'O', 'B-AMOUNT', 'I-AMOUNT', 'B-CONDITION', 'I-CONDITION']",train,257
"['The', 'technical', 'consultant', 'shall', 'build', 'the', 'testing', 'report.']","['O', 'B-ROLE', 'I-ROLE', 'O', 'B-ACTION', 'O', 'B-DELIVERABLE', 'I-DELIVERABLE']",train,258
"['The', 'NextGen', 'Systems', 'shall', 'provide', 'cloud', 'environment', 'to', 'the', 'technical', 'consultant', 'before', 'development', 'begins.']","['O', 'B-PARTY', 'I-PARTY', 'O', 'O', 'B-DELIVERABLE', 'I-DELIVERABLE', 'O', 'O', 'B-ROLE', 'I-ROLE', 'O', 'O', 'O']",train,259
"['The', 'software', 'developer', 'shall', 'document', 'testing', 'report', 'after', 'successful', 'testing.']","['O', 'B-ROLE', 'I-ROLE', 'O', 'O', 'B-DELIVERABLE', 'I-DELIVERABLE', 'O', 'O', 'O']",train,260
"['The', 'freelance', 'developer', 'shall', 'complete', 'user', 'interface', 'no', 'later', 'than', '1', 'June', '2027.']","['O', 'B-ROLE', 'I-ROLE', 'O', 'O', 'B-DELIVERABLE', 'I-DELIVERABLE', 'O', 'O', 'O', 'B-DEADLINE', 'I-DEADLINE', 'I-DEADLINE']",train,261
"['The', 'CloudNine', 'Technologies', 'shall', 'pay', 'the', 'outstanding', 'balance', 'within', 'one', 'year', 'after', 'termination.']","['O', 'B-PARTY', 'I-PARTY', 'O', 'O', 'O', 'O', 'B-PAYMENT', 'O', 'B-DURATION', 'I-DURATION', 'O', 'O']",train,262
"['The', 'Bright', 'Labs', 'shall', 'nominate', 'a', 'project', 'manager', 'for', 'the', 'engagement.']","['O', 'B-PARTY', 'I-PARTY', 'O', 'O', 'O', 'B-ROLE', 'I-ROLE', 'O', 'O', 'O']",train,263
"['The', 'Delta', 'Apps', 'shall', 'nominate', 'a', 'project', 'manager', 'for', 'the', 'engagement.']","['O', 'B-PARTY', 'I-PARTY', 'O', 'O', 'O', 'B-ROLE', 'I-ROLE', 'O', 'O', 'O']",train,264
"['The', 'GreenByte', 'Ltd.', 'may', 'reject', 'a', 'technical', 'documentation', 'that', 'does', 'not', 'satisfy', 'the', 'agreed', 'specifications.']","['O', 'B-PARTY', 'I-PARTY', 'O', 'O', 'O', 'B-DELIVERABLE', 'I-DELIVERABLE', 'O', 'O', 'O', 'O', 'O', 'O', 'O']",train,265
"['The', 'BluePeak', 'Labs', 'shall', 'approve', 'the', 'backend', 'service', 'within', 'twelve', 'weeks.']","['O', 'B-PARTY', 'I-PARTY', 'O', 'O', 'O', 'B-DELIVERABLE', 'I-DELIVERABLE', 'O', 'B-DURATION', 'I-DURATION']",train,266
"['The', 'agreement', 'shall', 'commence', 'on', '30', 'August', '2027', 'and', 'continue', 'for', 'one', 'year.']","['O', 'O', 'O', 'O', 'O', 'B-DATE', 'I-DATE', 'I-DATE', 'O', 'O', 'O', 'B-DURATION', 'I-DURATION']",train,267
"['The', 'agreement', 'shall', 'commence', 'on', '1', 'June', '2027', 'and', 'continue', 'for', 'five', 'business', 'days.']","['O', 'O', 'O', 'O', 'O', 'B-DATE', 'I-DATE', 'I-DATE', 'O', 'O', 'O', 'B-DURATION', 'I-DURATION', 'I-DURATION']",train,268
"['The', 'CodeCraft', 'Solutions', 'shall', 'pay', 'the', 'outstanding', 'balance', 'within', 'three', 'days', 'after', 'termination.']","['O', 'B-PARTY', 'I-PARTY', 'O', 'O', 'O', 'O', 'B-PAYMENT', 'O', 'B-DURATION', 'I-DURATION', 'O', 'O']",train,269
"['The', 'Orion', 'Systems', 'shall', 'pay', 'the', 'outstanding', 'balance', 'within', 'six', 'weeks', 'after', 'termination.']","['O', 'B-PARTY', 'I-PARTY', 'O', 'O', 'O', 'O', 'B-PAYMENT', 'O', 'B-DURATION', 'I-DURATION', 'O', 'O']",train,270
"['The', 'NextGen', 'Systems', 'owns', 'the', 'cloud', 'environment', 'after', 'full', 'payment.']","['O', 'B-PARTY', 'I-PARTY', 'O', 'O', 'B-DELIVERABLE', 'I-DELIVERABLE', 'O', 'B-CONDITION', 'I-CONDITION']",train,271
"['The', 'developer', 'shall', 'correct', 'rejected', 'work', 'within', 'three', 'months.']","['O', 'B-ROLE', 'O', 'O', 'B-DELIVERABLE', 'I-DELIVERABLE', 'O', 'B-DURATION', 'I-DURATION']",train,272
"['The', 'BluePeak', 'Labs', 'shall', 'provide', 'backend', 'service', 'to', 'the', 'freelance', 'developer', 'before', 'development', 'begins.']","['O', 'B-PARTY', 'I-PARTY', 'O', 'O', 'B-DELIVERABLE', 'I-DELIVERABLE', 'O', 'O', 'B-ROLE', 'I-ROLE', 'O', 'O', 'O']",train,273
"['Either', 'party', 'may', 'terminate', 'the', 'agreement', 'by', 'giving', 'seven', 'days', 'written', 'notice.']","['O', 'B-PARTY', 'O', 'O', 'O', 'O', 'O', 'O', 'B-DURATION', 'I-DURATION', 'O', 'O']",train,274
"['The', 'BluePeak', 'Labs', 'shall', 'implement', 'the', 'prototype', 'by', '30', 'August', '2027.']","['O', 'B-PARTY', 'I-PARTY', 'O', 'B-ACTION', 'O', 'B-DELIVERABLE', 'O', 'B-DEADLINE', 'I-DEADLINE', 'I-DEADLINE']",train,275
"['The', 'ABC', 'Technologies', 'shall', 'provide', 'security', 'configuration', 'to', 'the', 'development', 'team', 'before', 'development', 'begins.']","['O', 'B-PARTY', 'I-PARTY', 'O', 'O', 'B-DELIVERABLE', 'I-DELIVERABLE', 'O', 'O', 'B-ROLE', 'I-ROLE', 'O', 'O', 'O']",train,276
"['The', 'Zenith', 'Tech', 'may', 'reject', 'a', 'source', 'code', 'that', 'does', 'not', 'satisfy', 'the', 'agreed', 'specifications.']","['O', 'B-PARTY', 'I-PARTY', 'O', 'O', 'O', 'B-DELIVERABLE', 'I-DELIVERABLE', 'O', 'O', 'O', 'O', 'O', 'O', 'O']",train,277
"['The', 'CodeCraft', 'Solutions', 'owns', 'the', 'prototype', 'after', 'full', 'payment.']","['O', 'B-PARTY', 'I-PARTY', 'O', 'O', 'B-DELIVERABLE', 'O', 'B-CONDITION', 'I-CONDITION']",train,278
"['The', 'technical', 'consultant', 'shall', 'submit', 'web', 'application', 'to', 'CloudNine', 'Technologies', 'on', '15', 'July', '2027.']","['O', 'B-ROLE', 'I-ROLE', 'O', 'O', 'B-DELIVERABLE', 'I-DELIVERABLE', 'O', 'B-PARTY', 'I-PARTY', 'O', 'B-DATE', 'I-DATE', 'I-DATE']",train,279
"['The', 'Bright', 'Labs', 'shall', 'review', 'testing', 'report', 'on', '20', 'May', '2027.']","['O', 'B-PARTY', 'I-PARTY', 'O', 'O', 'B-DELIVERABLE', 'I-DELIVERABLE', 'O', 'B-DATE', 'I-DATE', 'I-DATE']",train,280
"['The', 'ABC', 'Technologies', 'shall', 'provide', 'technical', 'specifications', 'by', '28', 'March', '2027.']","['O', 'B-PARTY', 'I-PARTY', 'O', 'O', 'B-DELIVERABLE', 'I-DELIVERABLE', 'O', 'B-DEADLINE', 'I-DEADLINE', 'I-DEADLINE']",train,281
"['The', 'agreement', 'shall', 'expire', 'on', '15', 'July', '2027.']","['O', 'O', 'O', 'O', 'O', 'B-DATE', 'I-DATE', 'I-DATE']",train,282
"['The', 'Delta', 'Apps', 'shall', 'notify', 'the', 'other', 'party', 'of', 'a', 'renewal', 'request', 'at', 'least', 'seven', 'days', 'before', 'expiry.']","['O', 'B-PARTY', 'I-PARTY', 'O', 'O', 'O', 'O', 'O', 'O', 'O', 'O', 'O', 'O', 'O', 'B-DEADLINE', 'I-DEADLINE', 'O', 'O']",train,283
"['The', 'technical', 'consultant', 'shall', 'return', 'user', 'interface', 'within', 'three', 'days', 'after', 'termination.']","['O', 'B-ROLE', 'I-ROLE', 'O', 'O', 'B-DELIVERABLE', 'I-DELIVERABLE', 'O', 'B-DURATION', 'I-DURATION', 'O', 'O']",train,284
"['Final', 'acceptance', 'shall', 'occur', 'within', 'twelve', 'weeks', 'of', 'final', 'delivery.']","['O', 'O', 'O', 'O', 'O', 'B-DURATION', 'I-DURATION', 'O', 'O', 'O']",train,285
"['The', 'agreement', 'may', 'be', 'renewed', 'for', 'three', 'months', 'by', 'mutual', 'written', 'consent.']","['O', 'O', 'O', 'O', 'O', 'O', 'B-DURATION', 'I-DURATION', 'O', 'O', 'O', 'O']",train,286
"['The', 'project', 'fee', 'is', 'USD', '3,000', 'and', 'shall', 'be', 'paid', 'upon', 'receipt', 'of', 'written', 'approval.']","['O', 'O', 'O', 'O', 'B-AMOUNT', 'I-AMOUNT', 'O', 'O', 'O', 'O', 'B-CONDITION', 'I-CONDITION', 'I-CONDITION', 'I-CONDITION', 'I-CONDITION']",train,287
"['Milestone', 'three', 'must', 'be', 'completed', 'by', '10', 'April', '2027.']","['O', 'B-DELIVERABLE', 'O', 'O', 'O', 'O', 'B-DEADLINE', 'I-DEADLINE', 'I-DEADLINE']",train,288
"['The', 'freelance', 'developer', 'shall', 'correct', 'errors', 'within', 'one', 'year.']","['O', 'B-ROLE', 'I-ROLE', 'O', 'O', 'B-DELIVERABLE', 'O', 'B-DURATION', 'I-DURATION']",train,289
"['The', 'contractor', 'shall', 'not', 'disclose', 'the', 'security', 'configuration', 'to', 'any', 'third', 'party.']","['O', 'B-ROLE', 'O', 'O', 'O', 'O', 'B-DELIVERABLE', 'I-DELIVERABLE', 'O', 'O', 'B-PARTY', 'I-PARTY']",train,290
"['NovaSoft', 'Solutions', 'will', 'return', 'the', 'API', 'integration', 'upon', 'receipt', 'of', 'written', 'approval.']","['B-PARTY', 'I-PARTY', 'O', 'B-ACTION', 'O', 'B-DELIVERABLE', 'I-DELIVERABLE', 'B-CONDITION', 'I-CONDITION', 'I-CONDITION', 'I-CONDITION', 'I-CONDITION']",train,291
"['The', 'maintenance', 'period', 'begins', 'on', '15', 'July', '2027.']","['O', 'O', 'O', 'O', 'O', 'B-DATE', 'I-DATE', 'I-DATE']",train,292
"['The', 'contractor', 'must', 'review', 'the', 'source', 'code', 'to', 'the', 'GreenByte', 'Ltd..']","['O', 'B-ROLE', 'O', 'B-ACTION', 'O', 'B-DELIVERABLE', 'I-DELIVERABLE', 'O', 'O', 'B-PARTY', 'I-PARTY']",train,293
"['The', 'developer', 'must', 'build', 'the', 'user', 'interface', 'to', 'the', 'NextGen', 'Systems.']","['O', 'B-ROLE', 'O', 'B-ACTION', 'O', 'B-DELIVERABLE', 'I-DELIVERABLE', 'O', 'O', 'B-PARTY', 'I-PARTY']",train,294
"['Vertex', 'Digital', 'will', 'install', 'the', 'API', 'integration', 'after', 'termination.']","['B-PARTY', 'I-PARTY', 'O', 'B-ACTION', 'O', 'B-DELIVERABLE', 'I-DELIVERABLE', 'B-CONDITION', 'I-CONDITION']",train,295
"['The', 'CloudNine', 'Technologies', 'may', 'reject', 'a', 'project', 'documentation', 'that', 'does', 'not', 'satisfy', 'the', 'agreed', 'specifications.']","['O', 'B-PARTY', 'I-PARTY', 'O', 'O', 'O', 'B-DELIVERABLE', 'I-DELIVERABLE', 'O', 'O', 'O', 'O', 'O', 'O', 'O']",train,296
"['The', 'BluePeak', 'Labs', 'shall', 'provide', 'test', 'accounts', 'by', '10', 'April', '2027.']","['O', 'B-PARTY', 'I-PARTY', 'O', 'O', 'B-DELIVERABLE', 'I-DELIVERABLE', 'O', 'B-DEADLINE', 'I-DEADLINE', 'I-DEADLINE']",train,297
"['The', 'GreenByte', 'Ltd.', 'shall', 'provide', 'API', 'integration', 'to', 'the', 'software', 'developer', 'before', 'development', 'begins.']","['O', 'B-PARTY', 'I-PARTY', 'O', 'O', 'B-DELIVERABLE', 'I-DELIVERABLE', 'O', 'O', 'B-ROLE', 'I-ROLE', 'O', 'O', 'O']",train,298
"['The', 'freelance', 'developer', 'shall', 'protect', 'confidential', 'information', 'received', 'from', 'the', 'Orion', 'Systems.']","['O', 'B-ROLE', 'I-ROLE', 'O', 'O', 'B-DELIVERABLE', 'I-DELIVERABLE', 'O', 'O', 'O', 'B-PARTY', 'I-PARTY']",train,299
"['The', 'software', 'engineer', 'shall', 'document', 'API', 'integration', 'after', 'successful', 'testing.']","['O', 'B-ROLE', 'I-ROLE', 'O', 'O', 'B-DELIVERABLE', 'I-DELIVERABLE', 'O', 'O', 'O']",train,300
"['Either', 'party', 'to', 'this', 'agreement', 'may', 'terminate', 'the', 'agreement', 'by', 'giving', 'six', 'months', 'written', 'notice.']","['O', 'B-PARTY', 'I-PARTY', 'I-PARTY', 'I-PARTY', 'O', 'O', 'O', 'O', 'O', 'O', 'B-DURATION', 'I-DURATION', 'O', 'O']",train,301
"['The', 'Bright', 'Labs', 'owns', 'the', 'prototype', 'after', 'full', 'payment.']","['O', 'B-PARTY', 'I-PARTY', 'O', 'O', 'B-DELIVERABLE', 'O', 'B-CONDITION', 'I-CONDITION']",train,302
"['The', 'Zenith', 'Tech', 'shall', 'pay', 'the', 'freelance', 'developer', 'INR', '50,000', 'upon', 'receipt', 'of', 'written', 'approval.']","['O', 'B-PARTY', 'I-PARTY', 'O', 'O', 'O', 'B-ROLE', 'I-ROLE', 'B-AMOUNT', 'I-AMOUNT', 'B-CONDITION', 'I-CONDITION', 'I-CONDITION', 'I-CONDITION', 'I-CONDITION']",train,303
"['The', 'agreement', 'shall', 'commence', 'on', '15', 'December', '2027', 'and', 'continue', 'for', 'ten', 'days.']","['O', 'O', 'O', 'O', 'O', 'B-DATE', 'I-DATE', 'I-DATE', 'O', 'O', 'O', 'B-DURATION', 'I-DURATION']",train,304
"['The', 'Zenith', 'Tech', 'shall', 'make', 'the', 'second', 'installment', 'of', 'USD', '1,500', 'after', 'successful', 'testing.']","['O', 'B-PARTY', 'I-PARTY', 'O', 'O', 'O', 'B-PAYMENT', 'I-PAYMENT', 'O', 'B-AMOUNT', 'I-AMOUNT', 'B-CONDITION', 'I-CONDITION', 'I-CONDITION']",train,305
"['The', 'software', 'engineer', 'shall', 'retain', 'cloud', 'environment', 'for', 'six', 'months.']","['O', 'B-ROLE', 'I-ROLE', 'O', 'O', 'B-DELIVERABLE', 'I-DELIVERABLE', 'O', 'B-DURATION', 'I-DURATION']",train,306
"['The', 'Delta', 'Apps', 'shall', 'pay', 'the', 'outstanding', 'balance', 'within', 'twelve', 'weeks', 'after', 'termination.']","['O', 'B-PARTY', 'I-PARTY', 'O', 'O', 'O', 'O', 'B-PAYMENT', 'O', 'B-DURATION', 'I-DURATION', 'O', 'O']",train,307
"['The', 'agreement', 'shall', 'commence', 'on', '30', 'August', '2027', 'and', 'continue', 'for', 'thirty', 'days.']","['O', 'O', 'O', 'O', 'O', 'B-DATE', 'I-DATE', 'I-DATE', 'O', 'O', 'O', 'B-DURATION', 'I-DURATION']",train,308
"['The', 'source', 'code', 'shall', 'be', 'delivered', 'no', 'later', 'than', '1', 'June', '2027.']","['O', 'B-DELIVERABLE', 'I-DELIVERABLE', 'O', 'O', 'O', 'O', 'O', 'O', 'B-DEADLINE', 'I-DEADLINE', 'I-DEADLINE']",train,309
"['The', 'CodeCraft', 'Solutions', 'shall', 'provide', 'user', 'interface', 'to', 'the', 'software', 'developer', 'before', 'development', 'begins.']","['O', 'B-PARTY', 'I-PARTY', 'O', 'O', 'B-DELIVERABLE', 'I-DELIVERABLE', 'O', 'O', 'B-ROLE', 'I-ROLE', 'O', 'O', 'O']",train,310
"['The', 'project', 'fee', 'is', 'INR', '50,000', 'and', 'shall', 'be', 'paid', 'upon', 'signing.']","['O', 'O', 'O', 'O', 'B-AMOUNT', 'I-AMOUNT', 'O', 'O', 'O', 'O', 'B-CONDITION', 'I-CONDITION']",train,311
"['The', 'total', 'contract', 'value', 'is', 'USD', '1,500.']","['O', 'O', 'B-PAYMENT', 'I-PAYMENT', 'O', 'B-AMOUNT', 'I-AMOUNT']",train,312
"['The', 'backend', 'service', 'shall', 'be', 'delivered', 'no', 'later', 'than', '20', 'May', '2027.']","['O', 'B-DELIVERABLE', 'I-DELIVERABLE', 'O', 'O', 'O', 'O', 'O', 'O', 'B-DEADLINE', 'I-DEADLINE', 'I-DEADLINE']",train,313
"['The', 'contractor', 'shall', 'return', 'database', 'schema', 'within', 'ten', 'days', 'after', 'termination.']","['O', 'B-ROLE', 'O', 'O', 'B-DELIVERABLE', 'I-DELIVERABLE', 'O', 'B-DURATION', 'I-DURATION', 'O', 'O']",train,314
"['The', 'CodeCraft', 'Solutions', 'shall', 'provide', 'mobile', 'application', 'to', 'the', 'software', 'developer', 'before', 'development', 'begins.']","['O', 'B-PARTY', 'I-PARTY', 'O', 'O', 'B-DELIVERABLE', 'I-DELIVERABLE', 'O', 'O', 'B-ROLE', 'I-ROLE', 'O', 'O', 'O']",train,315
"['The', 'project', 'documentation', 'shall', 'be', 'delivered', 'no', 'later', 'than', '25', 'October', '2027.']","['O', 'B-DELIVERABLE', 'I-DELIVERABLE', 'O', 'O', 'O', 'O', 'O', 'O', 'B-DEADLINE', 'I-DEADLINE', 'I-DEADLINE']",train,316
"['The', 'developer', 'shall', 'provide', 'termination', 'notice', 'at', 'least', 'five', 'business', 'days', 'before', 'termination.']","['O', 'B-ROLE', 'O', 'O', 'B-NOTICE', 'I-NOTICE', 'O', 'O', 'B-DURATION', 'I-DURATION', 'I-DURATION', 'O', 'O']",train,317
"['The', 'Orion', 'Systems', 'shall', 'nominate', 'a', 'project', 'manager', 'for', 'the', 'engagement.']","['O', 'B-PARTY', 'I-PARTY', 'O', 'O', 'O', 'B-ROLE', 'I-ROLE', 'O', 'O', 'O']",train,318
"['The', 'PixelWorks', 'shall', 'approve', 'the', 'API', 'integration', 'within', 'twelve', 'weeks.']","['O', 'B-PARTY', 'O', 'O', 'O', 'B-DELIVERABLE', 'I-DELIVERABLE', 'O', 'B-DURATION', 'I-DURATION']",train,319
"['The', 'software', 'engineer', 'shall', 'return', 'software', 'module', 'within', 'seven', 'days', 'after', 'termination.']","['O', 'B-ROLE', 'I-ROLE', 'O', 'O', 'B-DELIVERABLE', 'I-DELIVERABLE', 'O', 'B-DURATION', 'I-DURATION', 'O', 'O']",train,320
"['The', 'software', 'developer', 'shall', 'provide', 'termination', 'notice', 'at', 'least', 'five', 'business', 'days', 'before', 'termination.']","['O', 'B-ROLE', 'I-ROLE', 'O', 'O', 'B-NOTICE', 'I-NOTICE', 'O', 'O', 'B-DURATION', 'I-DURATION', 'I-DURATION', 'O', 'O']",train,321
"['The', 'GreenByte', 'Ltd.', 'shall', 'pay', 'each', 'undisputed', 'invoice', 'within', 'five', 'business', 'days.']","['O', 'B-PARTY', 'I-PARTY', 'O', 'O', 'O', 'O', 'O', 'O', 'B-DURATION', 'I-DURATION', 'I-DURATION']",train,322
"['Milestone', 'two', 'must', 'be', 'completed', 'by', '15', 'July', '2027.']","['O', 'B-DELIVERABLE', 'O', 'O', 'O', 'O', 'B-DEADLINE', 'I-DEADLINE', 'I-DEADLINE']",train,323
"['The', 'software', 'engineer', 'shall', 'provide', 'defect', 'notice', 'at', 'least', 'five', 'business', 'days', 'before', 'termination.']","['O', 'B-ROLE', 'I-ROLE', 'O', 'O', 'B-NOTICE', 'I-NOTICE', 'O', 'O', 'B-DURATION', 'I-DURATION', 'I-DURATION', 'O', 'O']",train,324
"['The', 'contractor', 'shall', 'return', 'deployment', 'package', 'within', 'ten', 'days', 'after', 'termination.']","['O', 'B-ROLE', 'O', 'O', 'B-DELIVERABLE', 'I-DELIVERABLE', 'O', 'B-DURATION', 'I-DURATION', 'O', 'O']",train,325
"['Priya', 'Mehta', 'shall', 'build', 'the', 'web', 'application', 'within', 'five', 'business', 'days.']","['B-PERSON', 'I-PERSON', 'O', 'B-ACTION', 'O', 'B-DELIVERABLE', 'I-DELIVERABLE', 'O', 'B-DURATION', 'I-DURATION', 'I-DURATION']",train,326
"['The', 'developer', 'shall', 'not', 'disclose', 'the', 'user', 'interface', 'to', 'any', 'third', 'party.']","['O', 'B-ROLE', 'O', 'O', 'O', 'O', 'B-DELIVERABLE', 'I-DELIVERABLE', 'O', 'O', 'B-PARTY', 'I-PARTY']",train,327
"['The', 'Apex', 'Software', 'shall', 'make', 'the', 'final', 'installment', 'of', 'INR', '25,000', 'before', 'deployment.']","['O', 'B-PARTY', 'I-PARTY', 'O', 'O', 'O', 'B-PAYMENT', 'I-PAYMENT', 'O', 'B-AMOUNT', 'I-AMOUNT', 'B-CONDITION', 'I-CONDITION']",train,328
"['The', 'PixelWorks', 'may', 'reject', 'a', 'cloud', 'environment', 'that', 'does', 'not', 'satisfy', 'the', 'agreed', 'specifications.']","['O', 'B-PARTY', 'O', 'O', 'O', 'B-DELIVERABLE', 'I-DELIVERABLE', 'O', 'O', 'O', 'O', 'O', 'O', 'O']",train,329
"['The', 'Orion', 'Systems', 'may', 'review', 'the', 'mobile', 'application', 'after', 'before', 'development', 'begins.']","['O', 'B-PARTY', 'I-PARTY', 'O', 'B-ACTION', 'O', 'B-DELIVERABLE', 'I-DELIVERABLE', 'O', 'B-CONDITION', 'I-CONDITION', 'I-CONDITION']",train,330
"['The', 'project', 'fee', 'is', 'USD', '3,000', 'and', 'shall', 'be', 'paid', 'upon', 'completion.']","['O', 'O', 'O', 'O', 'B-AMOUNT', 'I-AMOUNT', 'O', 'O', 'O', 'O', 'B-CONDITION', 'I-CONDITION']",train,331
"['The', 'project', 'fee', 'is', 'INR', '150,000', 'and', 'shall', 'be', 'paid', 'upon', 'signing.']","['O', 'O', 'O', 'O', 'B-AMOUNT', 'I-AMOUNT', 'O', 'O', 'O', 'O', 'B-CONDITION', 'I-CONDITION']",train,332
"['Apex', 'Software', 'will', 'configure', 'the', 'deployment', 'package', 'after', 'successful', 'testing.']","['B-PARTY', 'I-PARTY', 'O', 'B-ACTION', 'O', 'B-DELIVERABLE', 'I-DELIVERABLE', 'B-CONDITION', 'I-CONDITION', 'I-CONDITION']",train,333
"['The', 'contractor', 'must', 'return', 'the', 'mobile', 'application', 'to', 'the', 'CloudNine', 'Technologies.']","['O', 'B-ROLE', 'O', 'B-ACTION', 'O', 'B-DELIVERABLE', 'I-DELIVERABLE', 'O', 'O', 'B-PARTY', 'I-PARTY']",train,334
"['The', 'project', 'manager', 'shall', 'coordinate', 'communication', 'between', 'the', 'parties.']","['O', 'B-ROLE', 'I-ROLE', 'O', 'O', 'B-DELIVERABLE', 'O', 'O', 'O']",train,335
"['The', 'Zenith', 'Tech', 'shall', 'pay', 'the', 'software', 'developer', 'USD', '1,500', 'after', 'successful', 'testing.']","['O', 'B-PARTY', 'I-PARTY', 'O', 'O', 'O', 'B-ROLE', 'I-ROLE', 'B-AMOUNT', 'I-AMOUNT', 'B-CONDITION', 'I-CONDITION', 'I-CONDITION']",train,336
"['The', 'Orion', 'Systems', 'shall', 'provide', 'test', 'accounts', 'by', '30', 'August', '2027.']","['O', 'B-PARTY', 'I-PARTY', 'O', 'O', 'B-DELIVERABLE', 'I-DELIVERABLE', 'O', 'B-DEADLINE', 'I-DEADLINE', 'I-DEADLINE']",train,337
"['The', 'software', 'engineer', 'shall', 'configure', 'the', 'cloud', 'environment', 'before', 'deployment.']","['O', 'B-ROLE', 'I-ROLE', 'O', 'O', 'O', 'B-DELIVERABLE', 'I-DELIVERABLE', 'O', 'O']",train,338
"['Amit', 'Verma', 'is', 'responsible', 'for', 'submit', 'the', 'mobile', 'application.']","['B-PERSON', 'I-PERSON', 'O', 'O', 'O', 'B-ACTION', 'O', 'B-DELIVERABLE', 'I-DELIVERABLE']",train,339
"['The', 'technical', 'consultant', 'shall', 'configure', 'the', 'cloud', 'environment', 'before', 'deployment.']","['O', 'B-ROLE', 'I-ROLE', 'O', 'O', 'O', 'B-DELIVERABLE', 'I-DELIVERABLE', 'O', 'O']",train,340
"['Milestone', 'one', 'must', 'be', 'completed', 'by', '15', 'July', '2027.']","['B-DELIVERABLE', 'O', 'O', 'O', 'O', 'O', 'B-DEADLINE', 'I-DEADLINE', 'I-DEADLINE']",train,341
"['The', 'Zenith', 'Tech', 'shall', 'pay', 'the', 'outstanding', 'balance', 'within', 'fourteen', 'days', 'after', 'termination.']","['O', 'B-PARTY', 'I-PARTY', 'O', 'O', 'O', 'O', 'B-PAYMENT', 'O', 'B-DURATION', 'I-DURATION', 'O', 'O']",train,342
"['The', 'Orion', 'Systems', 'shall', 'notify', 'the', 'other', 'party', 'of', 'a', 'renewal', 'request', 'at', 'least', 'six', 'weeks', 'before', 'expiry.']","['O', 'B-PARTY', 'I-PARTY', 'O', 'O', 'O', 'O', 'O', 'O', 'O', 'O', 'O', 'O', 'O', 'B-DEADLINE', 'I-DEADLINE', 'O', 'O']",train,343
"['The', 'software', 'developer', 'must', 'install', 'the', 'source', 'code', 'to', 'the', 'Vertex', 'Digital.']","['O', 'B-ROLE', 'I-ROLE', 'O', 'B-ACTION', 'O', 'B-DELIVERABLE', 'I-DELIVERABLE', 'O', 'O', 'B-PARTY', 'I-PARTY']",train,344
"['The', 'Vertex', 'Digital', 'shall', 'return', 'the', 'mobile', 'application', 'by', '12', 'September', '2027.']","['O', 'B-PARTY', 'I-PARTY', 'O', 'B-ACTION', 'O', 'B-DELIVERABLE', 'I-DELIVERABLE', 'O', 'B-DEADLINE', 'I-DEADLINE', 'I-DEADLINE']",train,345
"['The', 'development', 'team', 'shall', 'configure', 'the', 'production', 'server', 'before', 'deployment.']","['O', 'B-ROLE', 'I-ROLE', 'O', 'O', 'O', 'B-DELIVERABLE', 'I-DELIVERABLE', 'O', 'O']",train,346
"['The', 'technical', 'consultant', 'shall', 'document', 'project', 'documentation', 'after', 'successful', 'testing.']","['O', 'B-ROLE', 'I-ROLE', 'O', 'O', 'B-DELIVERABLE', 'I-DELIVERABLE', 'O', 'O', 'O']",train,347
"['Meera', 'Iyer', 'shall', 'test', 'the', 'technical', 'documentation', 'within', 'ten', 'days.']","['B-PERSON', 'I-PERSON', 'O', 'B-ACTION', 'O', 'B-DELIVERABLE', 'I-DELIVERABLE', 'O', 'B-DURATION', 'I-DURATION']",train,348
"['The', 'software', 'engineer', 'shall', 'correct', 'defects', 'within', 'five', 'business', 'days.']","['O', 'B-ROLE', 'I-ROLE', 'O', 'O', 'B-DELIVERABLE', 'O', 'B-DURATION', 'I-DURATION', 'I-DURATION']",train,349
"['The', 'BluePeak', 'Labs', 'shall', 'provide', 'test', 'accounts', 'by', '15', 'July', '2027.']","['O', 'B-PARTY', 'I-PARTY', 'O', 'O', 'B-DELIVERABLE', 'I-DELIVERABLE', 'O', 'B-DEADLINE', 'I-DEADLINE', 'I-DEADLINE']",train,350
"['The', 'maintenance', 'period', 'begins', 'on', '12', 'September', '2027.']","['O', 'O', 'O', 'O', 'O', 'B-DATE', 'I-DATE', 'I-DATE']",train,351
"['The', 'contractor', 'shall', 'provide', 'mobile', 'application', 'every', 'Friday.']","['O', 'B-ROLE', 'O', 'O', 'B-DELIVERABLE', 'I-DELIVERABLE', 'O', 'B-DATE']",train,352
"['The', 'development', 'team', 'shall', 'protect', 'confidential', 'information', 'received', 'from', 'the', 'CloudNine', 'Technologies.']","['O', 'B-ROLE', 'I-ROLE', 'O', 'O', 'B-DELIVERABLE', 'I-DELIVERABLE', 'O', 'O', 'O', 'B-PARTY', 'I-PARTY']",train,353
"['The', 'developer', 'may', 'request', 'an', 'extension', 'before', 'the', 'delivery', 'deadline.']","['O', 'B-ROLE', 'O', 'O', 'O', 'O', 'O', 'O', 'B-DEADLINE', 'I-DEADLINE']",train,354
"['The', 'software', 'developer', 'shall', 'configure', 'the', 'cloud', 'environment', 'before', 'deployment.']","['O', 'B-ROLE', 'I-ROLE', 'O', 'O', 'O', 'B-DELIVERABLE', 'I-DELIVERABLE', 'O', 'O']",train,355
"['Either', 'party', 'may', 'terminate', 'the', 'agreement', 'by', 'giving', 'three', 'months', 'written', 'notice.']","['O', 'B-PARTY', 'O', 'O', 'O', 'O', 'O', 'O', 'B-DURATION', 'I-DURATION', 'O', 'O']",train,356
"['The', 'Delta', 'Apps', 'shall', 'pay', 'the', 'outstanding', 'balance', 'within', 'six', 'weeks', 'after', 'termination.']","['O', 'B-PARTY', 'I-PARTY', 'O', 'O', 'O', 'O', 'B-PAYMENT', 'O', 'B-DURATION', 'I-DURATION', 'O', 'O']",train,357
"['The', 'software', 'developer', 'shall', 'submit', 'source', 'code', 'to', 'NextGen', 'Systems', 'on', '28', 'March', '2027.']","['O', 'B-ROLE', 'I-ROLE', 'O', 'O', 'B-DELIVERABLE', 'I-DELIVERABLE', 'O', 'B-PARTY', 'I-PARTY', 'O', 'B-DATE', 'I-DATE', 'I-DATE']",train,358
"['The', 'software', 'developer', 'shall', 'complete', 'prototype', 'no', 'later', 'than', '28', 'March', '2027.']","['O', 'B-ROLE', 'I-ROLE', 'O', 'O', 'B-DELIVERABLE', 'O', 'O', 'O', 'B-DEADLINE', 'I-DEADLINE', 'I-DEADLINE']",train,359
"['The', 'Zenith', 'Tech', 'shall', 'nominate', 'a', 'project', 'manager', 'for', 'the', 'engagement.']","['O', 'B-PARTY', 'I-PARTY', 'O', 'O', 'O', 'B-ROLE', 'I-ROLE', 'O', 'O', 'O']",train,360
"['The', 'Vertex', 'Digital', 'shall', 'review', 'user', 'interface', 'on', '15', 'February', '2027.']","['O', 'B-PARTY', 'I-PARTY', 'O', 'O', 'B-DELIVERABLE', 'I-DELIVERABLE', 'O', 'B-DATE', 'I-DATE', 'I-DATE']",train,361
"['Either', 'party', 'may', 'terminate', 'the', 'agreement', 'by', 'giving', 'six', 'weeks', 'written', 'notice.']","['O', 'B-PARTY', 'O', 'O', 'O', 'O', 'O', 'O', 'B-DURATION', 'I-DURATION', 'O', 'O']",train,362
"['The', 'software', 'engineer', 'shall', 'document', 'database', 'schema', 'after', 'successful', 'testing.']","['O', 'B-ROLE', 'I-ROLE', 'O', 'O', 'B-DELIVERABLE', 'I-DELIVERABLE', 'O', 'O', 'O']",train,363
"['The', 'NovaSoft', 'Solutions', 'shall', 'notify', 'the', 'other', 'party', 'of', 'a', 'renewal', 'request', 'at', 'least', 'thirty', 'days', 'before', 'expiry.']","['O', 'B-PARTY', 'I-PARTY', 'O', 'O', 'O', 'O', 'O', 'O', 'O', 'O', 'O', 'O', 'O', 'B-DEADLINE', 'I-DEADLINE', 'O', 'O']",train,364
"['The', 'developer', 'shall', 'complete', 'mobile', 'application', 'no', 'later', 'than', '30', 'November', '2027.']","['O', 'B-ROLE', 'O', 'O', 'B-DELIVERABLE', 'I-DELIVERABLE', 'O', 'O', 'O', 'B-DEADLINE', 'I-DEADLINE', 'I-DEADLINE']",train,365
"['The', 'NextGen', 'Systems', 'may', 'review', 'the', 'software', 'module', 'after', 'subject', 'to', 'client', 'approval.']","['O', 'B-PARTY', 'I-PARTY', 'O', 'B-ACTION', 'O', 'B-DELIVERABLE', 'I-DELIVERABLE', 'O', 'B-CONDITION', 'I-CONDITION', 'I-CONDITION', 'I-CONDITION']",train,366
"['The', 'software', 'developer', 'shall', 'retain', 'security', 'configuration', 'for', 'fourteen', 'days.']","['O', 'B-ROLE', 'I-ROLE', 'O', 'O', 'B-DELIVERABLE', 'I-DELIVERABLE', 'O', 'B-DURATION', 'I-DURATION']",train,367
"['The', 'NextGen', 'Systems', 'may', 'configure', 'the', 'security', 'configuration', 'after', 'after', 'termination.']","['O', 'B-PARTY', 'I-PARTY', 'O', 'B-ACTION', 'O', 'B-DELIVERABLE', 'I-DELIVERABLE', 'O', 'B-CONDITION', 'I-CONDITION']",train,368
"['The', 'BluePeak', 'Labs', 'shall', 'pay', 'the', 'development', 'team', 'INR', '25,000', 'subject', 'to', 'client', 'approval.']","['O', 'B-PARTY', 'I-PARTY', 'O', 'O', 'O', 'B-ROLE', 'I-ROLE', 'B-AMOUNT', 'I-AMOUNT', 'B-CONDITION', 'I-CONDITION', 'I-CONDITION', 'I-CONDITION']",train,369
"['The', 'agreement', 'shall', 'expire', 'on', '12', 'September', '2027.']","['O', 'O', 'O', 'O', 'O', 'B-DATE', 'I-DATE', 'I-DATE']",train,370
"['The', 'agreement', 'shall', 'commence', 'on', '20', 'May', '2027', 'and', 'continue', 'for', 'ten', 'days.']","['O', 'O', 'O', 'O', 'O', 'B-DATE', 'I-DATE', 'I-DATE', 'O', 'O', 'O', 'B-DURATION', 'I-DURATION']",train,371
"['Final', 'acceptance', 'shall', 'occur', 'within', 'three', 'days', 'of', 'final', 'delivery.']","['O', 'O', 'O', 'O', 'O', 'B-DURATION', 'I-DURATION', 'O', 'O', 'O']",train,372
"['The', 'CodeCraft', 'Solutions', 'owns', 'the', 'web', 'application', 'after', 'full', 'payment.']","['O', 'B-PARTY', 'I-PARTY', 'O', 'O', 'B-DELIVERABLE', 'I-DELIVERABLE', 'O', 'B-CONDITION', 'I-CONDITION']",train,373
"['The', 'developer', 'shall', 'implement', 'the', 'web', 'application.']","['O', 'B-ROLE', 'O', 'B-ACTION', 'O', 'B-DELIVERABLE', 'I-DELIVERABLE']",train,374
"['The', 'GreenByte', 'Ltd.', 'owns', 'the', 'user', 'interface', 'after', 'full', 'payment.']","['O', 'B-PARTY', 'I-PARTY', 'O', 'O', 'B-DELIVERABLE', 'I-DELIVERABLE', 'O', 'B-CONDITION', 'I-CONDITION']",train,375
"['The', 'developer', 'shall', 'return', 'user', 'interface', 'within', 'three', 'days', 'after', 'termination.']","['O', 'B-ROLE', 'O', 'O', 'B-DELIVERABLE', 'I-DELIVERABLE', 'O', 'B-DURATION', 'I-DURATION', 'O', 'O']",train,376
"['Milestone', 'two', 'must', 'be', 'completed', 'by', '10', 'April', '2027.']","['O', 'B-DELIVERABLE', 'O', 'O', 'O', 'O', 'B-DEADLINE', 'I-DEADLINE', 'I-DEADLINE']",train,377
"['The', 'Apex', 'Software', 'shall', 'review', 'prototype', 'on', '15', 'December', '2027.']","['O', 'B-PARTY', 'I-PARTY', 'O', 'O', 'B-DELIVERABLE', 'O', 'B-DATE', 'I-DATE', 'I-DATE']",train,378
"['The', 'contractor', 'shall', 'provide', 'technical', 'documentation', 'every', 'week.']","['O', 'B-ROLE', 'O', 'O', 'B-DELIVERABLE', 'I-DELIVERABLE', 'O', 'B-DATE']",train,379
"['Sana', 'Khan', 'shall', 'configure', 'the', 'mobile', 'application', 'within', 'eight', 'weeks.']","['B-PERSON', 'I-PERSON', 'O', 'B-ACTION', 'O', 'B-DELIVERABLE', 'I-DELIVERABLE', 'O', 'B-DURATION', 'I-DURATION']",train,380
"['The', 'project', 'fee', 'is', 'INR', '25,000', 'and', 'shall', 'be', 'paid', 'after', 'client', 'acceptance.']","['O', 'O', 'O', 'O', 'B-AMOUNT', 'I-AMOUNT', 'O', 'O', 'O', 'O', 'B-CONDITION', 'I-CONDITION', 'I-CONDITION']",train,381
"['The', 'NovaSoft', 'Solutions', 'shall', 'review', 'backend', 'service', 'on', '25', 'October', '2027.']","['O', 'B-PARTY', 'I-PARTY', 'O', 'O', 'B-DELIVERABLE', 'I-DELIVERABLE', 'O', 'B-DATE', 'I-DATE', 'I-DATE']",train,382
"['The', 'software', 'engineer', 'shall', 'submit', 'testing', 'report', 'to', 'NextGen', 'Systems', 'on', '20', 'May', '2027.']","['O', 'B-ROLE', 'I-ROLE', 'O', 'O', 'B-DELIVERABLE', 'I-DELIVERABLE', 'O', 'B-PARTY', 'I-PARTY', 'O', 'B-DATE', 'I-DATE', 'I-DATE']",train,383
"['The', 'BluePeak', 'Labs', 'shall', 'provide', 'software', 'module', 'to', 'the', 'software', 'developer', 'before', 'development', 'begins.']","['O', 'B-PARTY', 'I-PARTY', 'O', 'O', 'B-DELIVERABLE', 'I-DELIVERABLE', 'O', 'O', 'B-ROLE', 'I-ROLE', 'O', 'O', 'O']",train,384
"['The', 'developer', 'shall', 'document', 'API', 'integration', 'after', 'successful', 'testing.']","['O', 'B-ROLE', 'O', 'O', 'B-DELIVERABLE', 'I-DELIVERABLE', 'O', 'O', 'O']",train,385
"['The', 'GreenByte', 'Ltd.', 'shall', 'notify', 'the', 'other', 'party', 'of', 'a', 'renewal', 'request', 'at', 'least', 'fourteen', 'days', 'before', 'expiry.']","['O', 'B-PARTY', 'I-PARTY', 'O', 'O', 'O', 'O', 'O', 'O', 'O', 'O', 'O', 'O', 'O', 'B-DEADLINE', 'I-DEADLINE', 'O', 'O']",train,386
"['The', 'Bright', 'Labs', 'shall', 'review', 'mobile', 'application', 'on', '30', 'August', '2027.']","['O', 'B-PARTY', 'I-PARTY', 'O', 'O', 'B-DELIVERABLE', 'I-DELIVERABLE', 'O', 'B-DATE', 'I-DATE', 'I-DATE']",train,387
"['Priya', 'Mehta', 'is', 'responsible', 'for', 'test', 'the', 'project', 'documentation.']","['B-PERSON', 'I-PERSON', 'O', 'O', 'O', 'B-ACTION', 'O', 'B-DELIVERABLE', 'I-DELIVERABLE']",train,388
"['The', 'freelance', 'developer', 'must', 'maintain', 'the', 'prototype', 'to', 'the', 'ABC', 'Technologies.']","['O', 'B-ROLE', 'I-ROLE', 'O', 'B-ACTION', 'O', 'B-DELIVERABLE', 'O', 'O', 'B-PARTY', 'I-PARTY']",train,389
"['The', 'development', 'team', 'shall', 'provide', 'acceptance', 'notice', 'at', 'least', 'ten', 'days', 'before', 'termination.']","['O', 'B-ROLE', 'I-ROLE', 'O', 'O', 'B-NOTICE', 'I-NOTICE', 'O', 'O', 'B-DURATION', 'I-DURATION', 'O', 'O']",train,390
"['The', 'Bright', 'Labs', 'shall', 'notify', 'the', 'other', 'party', 'of', 'a', 'renewal', 'request', 'at', 'least', 'six', 'months', 'before', 'expiry.']","['O', 'B-PARTY', 'I-PARTY', 'O', 'O', 'O', 'O', 'O', 'O', 'O', 'O', 'O', 'O', 'O', 'B-DEADLINE', 'I-DEADLINE', 'O', 'O']",train,391
"['The', 'Vertex', 'Digital', 'may', 'test', 'the', 'backend', 'service', 'after', 'after', 'client', 'acceptance.']","['O', 'B-PARTY', 'I-PARTY', 'O', 'B-ACTION', 'O', 'B-DELIVERABLE', 'I-DELIVERABLE', 'O', 'B-CONDITION', 'I-CONDITION', 'I-CONDITION']",train,392
"['The', 'agreement', 'may', 'be', 'renewed', 'for', 'three', 'days', 'by', 'mutual', 'written', 'consent.']","['O', 'O', 'O', 'O', 'O', 'O', 'B-DURATION', 'I-DURATION', 'O', 'O', 'O', 'O']",train,393
"['The', 'project', 'fee', 'is', 'INR', '75,000', 'and', 'shall', 'be', 'paid', 'subject', 'to', 'client', 'approval.']","['O', 'O', 'O', 'O', 'B-AMOUNT', 'I-AMOUNT', 'O', 'O', 'O', 'O', 'B-CONDITION', 'I-CONDITION', 'I-CONDITION', 'I-CONDITION']",train,394
"['The', 'technical', 'consultant', 'shall', 'return', 'technical', 'documentation', 'within', 'fourteen', 'days', 'after', 'termination.']","['O', 'B-ROLE', 'I-ROLE', 'O', 'O', 'B-DELIVERABLE', 'I-DELIVERABLE', 'O', 'B-DURATION', 'I-DURATION', 'O', 'O']",train,395
"['The', 'Zenith', 'Tech', 'shall', 'pay', 'each', 'undisputed', 'invoice', 'within', 'eight', 'weeks.']","['O', 'B-PARTY', 'I-PARTY', 'O', 'O', 'O', 'O', 'O', 'O', 'B-DURATION', 'I-DURATION']",train,396
"['The', 'development', 'team', 'shall', 'configure', 'the', 'cloud', 'environment', 'before', 'deployment.']","['O', 'B-ROLE', 'I-ROLE', 'O', 'O', 'O', 'B-DELIVERABLE', 'I-DELIVERABLE', 'O', 'O']",train,397
"['The', 'developer', 'shall', 'correct', 'rejected', 'work', 'within', 'six', 'weeks.']","['O', 'B-ROLE', 'O', 'O', 'B-DELIVERABLE', 'I-DELIVERABLE', 'O', 'B-DURATION', 'I-DURATION']",train,398
"['The', 'parties', 'shall', 'conduct', 'a', 'final', 'review', 'upon', 'completion.']","['O', 'O', 'O', 'O', 'O', 'B-DELIVERABLE', 'I-DELIVERABLE', 'B-CONDITION', 'I-CONDITION']",train,399
"['The', 'CodeCraft', 'Solutions', 'owns', 'the', 'deployment', 'package', 'after', 'full', 'payment.']","['O', 'B-PARTY', 'I-PARTY', 'O', 'O', 'B-DELIVERABLE', 'I-DELIVERABLE', 'O', 'B-CONDITION', 'I-CONDITION']",train,400
"['Milestone', 'three', 'must', 'be', 'completed', 'by', '28', 'March', '2027.']","['O', 'B-DELIVERABLE', 'O', 'O', 'O', 'O', 'B-DEADLINE', 'I-DEADLINE', 'I-DEADLINE']",train,401
"['The', 'Bright', 'Labs', 'shall', 'provide', 'test', 'accounts', 'by', '25', 'October', '2027.']","['O', 'B-PARTY', 'I-PARTY', 'O', 'O', 'B-DELIVERABLE', 'I-DELIVERABLE', 'O', 'B-DEADLINE', 'I-DEADLINE', 'I-DEADLINE']",train,402
"['The', 'ABC', 'Technologies', 'shall', 'pay', 'the', 'developer', 'INR', '100,000', 'after', 'termination.']","['O', 'B-PARTY', 'I-PARTY', 'O', 'O', 'O', 'B-ROLE', 'B-AMOUNT', 'I-AMOUNT', 'B-CONDITION', 'I-CONDITION']",train,403
"['The', 'CloudNine', 'Technologies', 'shall', 'configure', 'the', 'deployment', 'package', 'by', '5', 'January', '2027.']","['O', 'B-PARTY', 'I-PARTY', 'O', 'B-ACTION', 'O', 'B-DELIVERABLE', 'I-DELIVERABLE', 'O', 'B-DEADLINE', 'I-DEADLINE', 'I-DEADLINE']",train,404
"['The', 'freelance', 'developer', 'shall', 'return', 'web', 'application', 'within', 'three', 'days', 'after', 'termination.']","['O', 'B-ROLE', 'I-ROLE', 'O', 'O', 'B-DELIVERABLE', 'I-DELIVERABLE', 'O', 'B-DURATION', 'I-DURATION', 'O', 'O']",train,405
"['The', 'PixelWorks', 'shall', 'provide', 'API', 'keys', 'by', '10', 'April', '2027.']","['O', 'B-PARTY', 'O', 'O', 'B-DELIVERABLE', 'I-DELIVERABLE', 'O', 'B-DEADLINE', 'I-DEADLINE', 'I-DEADLINE']",train,406
"['The', 'Apex', 'Software', 'shall', 'pay', 'the', 'outstanding', 'balance', 'within', 'ten', 'days', 'after', 'termination.']","['O', 'B-PARTY', 'I-PARTY', 'O', 'O', 'O', 'O', 'B-PAYMENT', 'O', 'B-DURATION', 'I-DURATION', 'O', 'O']",train,407
"['The', 'Vertex', 'Digital', 'may', 'review', 'the', 'prototype', 'after', 'after', 'termination.']","['O', 'B-PARTY', 'I-PARTY', 'O', 'B-ACTION', 'O', 'B-DELIVERABLE', 'O', 'B-CONDITION', 'I-CONDITION']",train,408
"['The', 'maintenance', 'period', 'begins', 'on', '28', 'March', '2027.']","['O', 'O', 'O', 'O', 'O', 'B-DATE', 'I-DATE', 'I-DATE']",train,409
"['Milestone', 'three', 'must', 'be', 'completed', 'by', '15', 'February', '2027.']","['O', 'B-DELIVERABLE', 'O', 'O', 'O', 'O', 'B-DEADLINE', 'I-DEADLINE', 'I-DEADLINE']",train,410
"['The', 'PixelWorks', 'shall', 'pay', 'the', 'developer', 'INR', '25,000', 'upon', 'completion.']","['O', 'B-PARTY', 'O', 'O', 'O', 'B-ROLE', 'B-AMOUNT', 'I-AMOUNT', 'B-CONDITION', 'I-CONDITION']",train,411
"['Either', 'party', 'to', 'this', 'agreement', 'may', 'terminate', 'the', 'agreement', 'by', 'giving', 'fourteen', 'days', 'written', 'notice.']","['O', 'B-PARTY', 'I-PARTY', 'I-PARTY', 'I-PARTY', 'O', 'O', 'O', 'O', 'O', 'O', 'B-DURATION', 'I-DURATION', 'O', 'O']",train,412
"['The', 'software', 'developer', 'shall', 'respond', 'to', 'user', 'interface', 'within', 'one', 'year.']","['O', 'B-ROLE', 'I-ROLE', 'O', 'O', 'O', 'B-DELIVERABLE', 'I-DELIVERABLE', 'O', 'B-DURATION', 'I-DURATION']",train,413
"['The', 'software', 'engineer', 'shall', 'protect', 'confidential', 'information', 'received', 'from', 'the', 'Orion', 'Systems.']","['O', 'B-ROLE', 'I-ROLE', 'O', 'O', 'B-DELIVERABLE', 'I-DELIVERABLE', 'O', 'O', 'O', 'B-PARTY', 'I-PARTY']",train,414
"['The', 'GreenByte', 'Ltd.', 'shall', 'provide', 'prototype', 'to', 'the', 'development', 'team', 'before', 'development', 'begins.']","['O', 'B-PARTY', 'I-PARTY', 'O', 'O', 'B-DELIVERABLE', 'O', 'O', 'B-ROLE', 'I-ROLE', 'O', 'O', 'O']",train,415
"['The', 'Bright', 'Labs', 'shall', 'pay', 'the', 'development', 'team', 'USD', '5,000', 'upon', 'completion.']","['O', 'B-PARTY', 'I-PARTY', 'O', 'O', 'O', 'B-ROLE', 'I-ROLE', 'B-AMOUNT', 'I-AMOUNT', 'B-CONDITION', 'I-CONDITION']",train,416
"['The', 'developer', 'shall', 'not', 'disclose', 'the', 'testing', 'report', 'to', 'any', 'third', 'party.']","['O', 'B-ROLE', 'O', 'O', 'O', 'O', 'B-DELIVERABLE', 'I-DELIVERABLE', 'O', 'O', 'B-PARTY', 'I-PARTY']",train,417
"['The', 'developer', 'shall', 'configure', 'the', 'testing', 'environment', 'before', 'deployment.']","['O', 'B-ROLE', 'O', 'O', 'O', 'B-DELIVERABLE', 'I-DELIVERABLE', 'O', 'O']",train,418
"['The', 'Apex', 'Software', 'shall', 'pay', 'the', 'outstanding', 'balance', 'within', 'one', 'year', 'after', 'termination.']","['O', 'B-PARTY', 'I-PARTY', 'O', 'O', 'O', 'O', 'B-PAYMENT', 'O', 'B-DURATION', 'I-DURATION', 'O', 'O']",train,419
"['Sana', 'Khan', 'shall', 'design', 'the', 'deployment', 'package', 'within', 'seven', 'days.']","['B-PERSON', 'I-PERSON', 'O', 'B-ACTION', 'O', 'B-DELIVERABLE', 'I-DELIVERABLE', 'O', 'B-DURATION', 'I-DURATION']",train,420
"['Final', 'acceptance', 'shall', 'occur', 'within', 'fourteen', 'days', 'of', 'final', 'delivery.']","['O', 'O', 'O', 'O', 'O', 'B-DURATION', 'I-DURATION', 'O', 'O', 'O']",train,421
"['The', 'CodeCraft', 'Solutions', 'shall', 'provide', 'software', 'module', 'to', 'the', 'development', 'team', 'before', 'development', 'begins.']","['O', 'B-PARTY', 'I-PARTY', 'O', 'O', 'B-DELIVERABLE', 'I-DELIVERABLE', 'O', 'O', 'B-ROLE', 'I-ROLE', 'O', 'O', 'O']",train,422
"['The', 'project', 'documentation', 'shall', 'be', 'delivered', 'no', 'later', 'than', '28', 'March', '2027.']","['O', 'B-DELIVERABLE', 'I-DELIVERABLE', 'O', 'O', 'O', 'O', 'O', 'O', 'B-DEADLINE', 'I-DEADLINE', 'I-DEADLINE']",train,423
"['The', 'CodeCraft', 'Solutions', 'owns', 'the', 'security', 'configuration', 'after', 'full', 'payment.']","['O', 'B-PARTY', 'I-PARTY', 'O', 'O', 'B-DELIVERABLE', 'I-DELIVERABLE', 'O', 'B-CONDITION', 'I-CONDITION']",train,424
"['Either', 'party', 'may', 'terminate', 'the', 'agreement', 'by', 'giving', 'six', 'months', 'written', 'notice.']","['O', 'B-PARTY', 'O', 'O', 'O', 'O', 'O', 'O', 'B-DURATION', 'I-DURATION', 'O', 'O']",train,425
"['Priya', 'Mehta', 'is', 'responsible', 'for', 'document', 'the', 'API', 'integration.']","['B-PERSON', 'I-PERSON', 'O', 'O', 'O', 'B-ACTION', 'O', 'B-DELIVERABLE', 'I-DELIVERABLE']",train,426
"['The', 'agreement', 'may', 'be', 'renewed', 'for', 'six', 'months', 'by', 'mutual', 'written', 'consent.']","['O', 'O', 'O', 'O', 'O', 'O', 'B-DURATION', 'I-DURATION', 'O', 'O', 'O', 'O']",train,427
"['The', 'CodeCraft', 'Solutions', 'may', 'reject', 'a', 'backend', 'service', 'that', 'does', 'not', 'satisfy', 'the', 'agreed', 'specifications.']","['O', 'B-PARTY', 'I-PARTY', 'O', 'O', 'O', 'B-DELIVERABLE', 'I-DELIVERABLE', 'O', 'O', 'O', 'O', 'O', 'O', 'O']",train,428
"['The', 'freelance', 'developer', 'shall', 'return', 'deployment', 'package', 'within', 'one', 'year', 'after', 'termination.']","['O', 'B-ROLE', 'I-ROLE', 'O', 'O', 'B-DELIVERABLE', 'I-DELIVERABLE', 'O', 'B-DURATION', 'I-DURATION', 'O', 'O']",train,429
"['Milestone', 'two', 'must', 'be', 'completed', 'by', '5', 'January', '2027.']","['O', 'B-DELIVERABLE', 'O', 'O', 'O', 'O', 'B-DEADLINE', 'I-DEADLINE', 'I-DEADLINE']",train,430
"['The', 'Delta', 'Apps', 'shall', 'review', 'deployment', 'package', 'on', '30', 'November', '2027.']","['O', 'B-PARTY', 'I-PARTY', 'O', 'O', 'B-DELIVERABLE', 'I-DELIVERABLE', 'O', 'B-DATE', 'I-DATE', 'I-DATE']",train,431
"['The', 'NovaSoft', 'Solutions', 'shall', 'review', 'mobile', 'application', 'on', '28', 'March', '2027.']","['O', 'B-PARTY', 'I-PARTY', 'O', 'O', 'B-DELIVERABLE', 'I-DELIVERABLE', 'O', 'B-DATE', 'I-DATE', 'I-DATE']",train,432
"['The', 'NovaSoft', 'Solutions', 'shall', 'notify', 'the', 'other', 'party', 'of', 'a', 'renewal', 'request', 'at', 'least', 'one', 'year', 'before', 'expiry.']","['O', 'B-PARTY', 'I-PARTY', 'O', 'O', 'O', 'O', 'O', 'O', 'O', 'O', 'O', 'O', 'O', 'B-DEADLINE', 'I-DEADLINE', 'O', 'O']",train,433
"['The', 'contractor', 'shall', 'submit', 'web', 'application', 'to', 'ABC', 'Technologies', 'on', '15', 'February', '2027.']","['O', 'B-ROLE', 'O', 'O', 'B-DELIVERABLE', 'I-DELIVERABLE', 'O', 'B-PARTY', 'I-PARTY', 'O', 'B-DATE', 'I-DATE', 'I-DATE']",train,434
"['The', 'Vertex', 'Digital', 'shall', 'pay', 'the', 'outstanding', 'balance', 'within', 'three', 'months', 'after', 'termination.']","['O', 'B-PARTY', 'I-PARTY', 'O', 'O', 'O', 'O', 'B-PAYMENT', 'O', 'B-DURATION', 'I-DURATION', 'O', 'O']",train,435
"['The', 'BluePeak', 'Labs', 'shall', 'pay', 'the', 'software', 'engineer', 'INR', '75,000', 'after', 'successful', 'testing.']","['O', 'B-PARTY', 'I-PARTY', 'O', 'O', 'O', 'B-ROLE', 'I-ROLE', 'B-AMOUNT', 'I-AMOUNT', 'B-CONDITION', 'I-CONDITION', 'I-CONDITION']",train,436
"['The', 'contractor', 'may', 'request', 'an', 'extension', 'before', 'the', 'delivery', 'deadline.']","['O', 'B-ROLE', 'O', 'O', 'O', 'O', 'O', 'O', 'B-DEADLINE', 'I-DEADLINE']",train,437
"['The', 'Bright', 'Labs', 'shall', 'provide', 'cloud', 'environment', 'to', 'the', 'freelance', 'developer', 'before', 'development', 'begins.']","['O', 'B-PARTY', 'I-PARTY', 'O', 'O', 'B-DELIVERABLE', 'I-DELIVERABLE', 'O', 'O', 'B-ROLE', 'I-ROLE', 'O', 'O', 'O']",train,438
"['The', 'development', 'team', 'shall', 'not', 'disclose', 'the', 'database', 'schema', 'to', 'any', 'third', 'party.']","['O', 'B-ROLE', 'I-ROLE', 'O', 'O', 'O', 'O', 'B-DELIVERABLE', 'I-DELIVERABLE', 'O', 'O', 'B-PARTY', 'I-PARTY']",train,439
"['The', 'NextGen', 'Systems', 'shall', 'approve', 'the', 'cloud', 'environment', 'within', 'three', 'days.']","['O', 'B-PARTY', 'I-PARTY', 'O', 'O', 'O', 'B-DELIVERABLE', 'I-DELIVERABLE', 'O', 'B-DURATION', 'I-DURATION']",train,440
"['NovaSoft', 'Solutions', 'will', 'return', 'the', 'backend', 'service', 'upon', 'signing.']","['B-PARTY', 'I-PARTY', 'O', 'B-ACTION', 'O', 'B-DELIVERABLE', 'I-DELIVERABLE', 'B-CONDITION', 'I-CONDITION']",train,441
"['The', 'development', 'team', 'shall', 'return', 'source', 'code', 'within', 'twelve', 'weeks', 'after', 'termination.']","['O', 'B-ROLE', 'I-ROLE', 'O', 'O', 'B-DELIVERABLE', 'I-DELIVERABLE', 'O', 'B-DURATION', 'I-DURATION', 'O', 'O']",train,442
"['The', 'software', 'developer', 'shall', 'protect', 'confidential', 'information', 'received', 'from', 'the', 'BluePeak', 'Labs.']","['O', 'B-ROLE', 'I-ROLE', 'O', 'O', 'B-DELIVERABLE', 'I-DELIVERABLE', 'O', 'O', 'O', 'B-PARTY', 'I-PARTY']",train,443
"['The', 'contractor', 'shall', 'submit', 'backend', 'service', 'to', 'BluePeak', 'Labs', 'on', '20', 'May', '2027.']","['O', 'B-ROLE', 'O', 'O', 'B-DELIVERABLE', 'I-DELIVERABLE', 'O', 'B-PARTY', 'I-PARTY', 'O', 'B-DATE', 'I-DATE', 'I-DATE']",train,444
"['Sana', 'Khan', 'is', 'responsible', 'for', 'maintain', 'the', 'technical', 'documentation.']","['B-PERSON', 'I-PERSON', 'O', 'O', 'O', 'B-ACTION', 'O', 'B-DELIVERABLE', 'I-DELIVERABLE']",train,445
"['The', 'GreenByte', 'Ltd.', 'shall', 'nominate', 'a', 'project', 'manager', 'for', 'the', 'engagement.']","['O', 'B-PARTY', 'I-PARTY', 'O', 'O', 'O', 'B-ROLE', 'I-ROLE', 'O', 'O', 'O']",train,446
"['The', 'agreement', 'shall', 'commence', 'on', '30', 'August', '2027', 'and', 'continue', 'for', 'five', 'business', 'days.']","['O', 'O', 'O', 'O', 'O', 'B-DATE', 'I-DATE', 'I-DATE', 'O', 'O', 'O', 'B-DURATION', 'I-DURATION', 'I-DURATION']",train,447
"['The', 'software', 'developer', 'must', 'deploy', 'the', 'technical', 'documentation', 'to', 'the', 'Zenith', 'Tech.']","['O', 'B-ROLE', 'I-ROLE', 'O', 'B-ACTION', 'O', 'B-DELIVERABLE', 'I-DELIVERABLE', 'O', 'O', 'B-PARTY', 'I-PARTY']",train,448
"['The', 'development', 'team', 'shall', 'document', 'user', 'interface', 'after', 'successful', 'testing.']","['O', 'B-ROLE', 'I-ROLE', 'O', 'O', 'B-DELIVERABLE', 'I-DELIVERABLE', 'O', 'O', 'O']",train,449
"['The', 'software', 'developer', 'shall', 'install', 'software', 'patches', 'during', 'the', 'maintenance', 'period.']","['O', 'B-ROLE', 'I-ROLE', 'O', 'O', 'B-DELIVERABLE', 'I-DELIVERABLE', 'O', 'O', 'O', 'O']",train,450
"['The', 'GreenByte', 'Ltd.', 'shall', 'review', 'testing', 'report', 'on', '30', 'August', '2027.']","['O', 'B-PARTY', 'I-PARTY', 'O', 'O', 'B-DELIVERABLE', 'I-DELIVERABLE', 'O', 'B-DATE', 'I-DATE', 'I-DATE']",train,451
"['The', 'software', 'developer', 'shall', 'provide', 'database', 'schema', 'every', 'month.']","['O', 'B-ROLE', 'I-ROLE', 'O', 'O', 'B-DELIVERABLE', 'I-DELIVERABLE', 'O', 'B-DATE']",train,452
"['The', 'software', 'engineer', 'may', 'request', 'an', 'extension', 'before', 'the', 'delivery', 'deadline.']","['O', 'B-ROLE', 'I-ROLE', 'O', 'O', 'O', 'O', 'O', 'O', 'B-DEADLINE', 'I-DEADLINE']",train,453
"['The', 'agreement', 'shall', 'expire', 'on', '30', 'August', '2027.']","['O', 'O', 'O', 'O', 'O', 'B-DATE', 'I-DATE', 'I-DATE']",train,454
"['The', 'project', 'fee', 'is', 'USD', '5,000', 'and', 'shall', 'be', 'paid', 'after', 'client', 'acceptance.']","['O', 'O', 'O', 'O', 'B-AMOUNT', 'I-AMOUNT', 'O', 'O', 'O', 'O', 'B-CONDITION', 'I-CONDITION', 'I-CONDITION']",train,455
"['The', 'Apex', 'Software', 'shall', 'deploy', 'the', 'software', 'module', 'by', '30', 'August', '2027.']","['O', 'B-PARTY', 'I-PARTY', 'O', 'B-ACTION', 'O', 'B-DELIVERABLE', 'I-DELIVERABLE', 'O', 'B-DEADLINE', 'I-DEADLINE', 'I-DEADLINE']",train,456
"['The', 'technical', 'consultant', 'shall', 'provide', 'defect', 'notice', 'at', 'least', 'seven', 'days', 'before', 'termination.']","['O', 'B-ROLE', 'I-ROLE', 'O', 'O', 'B-NOTICE', 'I-NOTICE', 'O', 'O', 'B-DURATION', 'I-DURATION', 'O', 'O']",train,457
"['The', 'development', 'team', 'shall', 'provide', 'change', 'request', 'at', 'least', 'ten', 'days', 'before', 'termination.']","['O', 'B-ROLE', 'I-ROLE', 'O', 'O', 'B-NOTICE', 'I-NOTICE', 'O', 'O', 'B-DURATION', 'I-DURATION', 'O', 'O']",train,458
"['The', 'software', 'engineer', 'shall', 'install', 'software', 'patches', 'during', 'the', 'maintenance', 'period.']","['O', 'B-ROLE', 'I-ROLE', 'O', 'O', 'B-DELIVERABLE', 'I-DELIVERABLE', 'O', 'O', 'O', 'O']",train,459
"['The', 'development', 'team', 'shall', 'provide', 'the', 'mobile', 'application.']","['O', 'B-ROLE', 'I-ROLE', 'O', 'B-ACTION', 'O', 'B-DELIVERABLE', 'I-DELIVERABLE']",train,460
"['The', 'Delta', 'Apps', 'shall', 'approve', 'the', 'prototype', 'within', 'five', 'business', 'days.']","['O', 'B-PARTY', 'I-PARTY', 'O', 'O', 'O', 'B-DELIVERABLE', 'O', 'B-DURATION', 'I-DURATION', 'I-DURATION']",train,461
"['The', 'Vertex', 'Digital', 'shall', 'review', 'prototype', 'on', '30', 'August', '2027.']","['O', 'B-PARTY', 'I-PARTY', 'O', 'O', 'B-DELIVERABLE', 'O', 'B-DATE', 'I-DATE', 'I-DATE']",train,462
"['The', 'GreenByte', 'Ltd.', 'shall', 'pay', 'the', 'outstanding', 'balance', 'within', 'three', 'days', 'after', 'termination.']","['O', 'B-PARTY', 'I-PARTY', 'O', 'O', 'O', 'O', 'B-PAYMENT', 'O', 'B-DURATION', 'I-DURATION', 'O', 'O']",train,463
"['The', 'Apex', 'Software', 'shall', 'make', 'the', 'second', 'installment', 'of', 'INR', '50,000', 'upon', 'signing.']","['O', 'B-PARTY', 'I-PARTY', 'O', 'O', 'O', 'B-PAYMENT', 'I-PAYMENT', 'O', 'B-AMOUNT', 'I-AMOUNT', 'B-CONDITION', 'I-CONDITION']",train,464
"['The', 'software', 'engineer', 'shall', 'provide', 'software', 'module', 'every', 'Monday.']","['O', 'B-ROLE', 'I-ROLE', 'O', 'O', 'B-DELIVERABLE', 'I-DELIVERABLE', 'O', 'B-DATE']",train,465
"['The', 'project', 'fee', 'is', 'USD', '1,500', 'and', 'shall', 'be', 'paid', 'upon', 'signing.']","['O', 'O', 'O', 'O', 'B-AMOUNT', 'I-AMOUNT', 'O', 'O', 'O', 'O', 'B-CONDITION', 'I-CONDITION']",train,466
"['The', 'developer', 'shall', 'provide', 'backend', 'service', 'every', 'month.']","['O', 'B-ROLE', 'O', 'O', 'B-DELIVERABLE', 'I-DELIVERABLE', 'O', 'B-DATE']",train,467
"['Milestone', 'three', 'must', 'be', 'completed', 'by', '15', 'December', '2027.']","['O', 'B-DELIVERABLE', 'O', 'O', 'O', 'O', 'B-DEADLINE', 'I-DEADLINE', 'I-DEADLINE']",train,468
"['The', 'Apex', 'Software', 'shall', 'notify', 'the', 'other', 'party', 'of', 'a', 'renewal', 'request', 'at', 'least', 'eight', 'weeks', 'before', 'expiry.']","['O', 'B-PARTY', 'I-PARTY', 'O', 'O', 'O', 'O', 'O', 'O', 'O', 'O', 'O', 'O', 'O', 'B-DEADLINE', 'I-DEADLINE', 'O', 'O']",train,469
"['The', 'freelance', 'developer', 'shall', 'install', 'security', 'updates', 'during', 'the', 'maintenance', 'period.']","['O', 'B-ROLE', 'I-ROLE', 'O', 'O', 'B-DELIVERABLE', 'I-DELIVERABLE', 'O', 'O', 'O', 'O']",train,470
"['The', 'agreement', 'shall', 'commence', 'on', '10', 'April', '2027', 'and', 'continue', 'for', 'thirty', 'days.']","['O', 'O', 'O', 'O', 'O', 'B-DATE', 'I-DATE', 'I-DATE', 'O', 'O', 'O', 'B-DURATION', 'I-DURATION']",train,471
"['The', 'Delta', 'Apps', 'shall', 'pay', 'the', 'outstanding', 'balance', 'within', 'fourteen', 'days', 'after', 'termination.']","['O', 'B-PARTY', 'I-PARTY', 'O', 'O', 'O', 'O', 'B-PAYMENT', 'O', 'B-DURATION', 'I-DURATION', 'O', 'O']",train,472
"['Milestone', 'one', 'must', 'be', 'completed', 'by', '28', 'March', '2027.']","['B-DELIVERABLE', 'O', 'O', 'O', 'O', 'O', 'B-DEADLINE', 'I-DEADLINE', 'I-DEADLINE']",train,473
"['GreenByte', 'Ltd.', 'will', 'develop', 'the', 'backend', 'service', 'before', 'deployment.']","['B-PARTY', 'I-PARTY', 'O', 'B-ACTION', 'O', 'B-DELIVERABLE', 'I-DELIVERABLE', 'B-CONDITION', 'I-CONDITION']",train,474
"['Zenith', 'Tech', 'will', 'deliver', 'the', 'security', 'configuration', 'upon', 'receipt', 'of', 'written', 'approval.']","['B-PARTY', 'I-PARTY', 'O', 'B-ACTION', 'O', 'B-DELIVERABLE', 'I-DELIVERABLE', 'B-CONDITION', 'I-CONDITION', 'I-CONDITION', 'I-CONDITION', 'I-CONDITION']",train,475
"['The', 'development', 'team', 'shall', 'return', 'source', 'code', 'within', 'three', 'months', 'after', 'termination.']","['O', 'B-ROLE', 'I-ROLE', 'O', 'O', 'B-DELIVERABLE', 'I-DELIVERABLE', 'O', 'B-DURATION', 'I-DURATION', 'O', 'O']",train,476
"['The', 'deployment', 'package', 'shall', 'be', 'delivered', 'no', 'later', 'than', '1', 'June', '2027.']","['O', 'B-DELIVERABLE', 'I-DELIVERABLE', 'O', 'O', 'O', 'O', 'O', 'O', 'B-DEADLINE', 'I-DEADLINE', 'I-DEADLINE']",train,477
"['The', 'technical', 'consultant', 'must', 'configure', 'the', 'database', 'schema', 'to', 'the', 'Vertex', 'Digital.']","['O', 'B-ROLE', 'I-ROLE', 'O', 'B-ACTION', 'O', 'B-DELIVERABLE', 'I-DELIVERABLE', 'O', 'O', 'B-PARTY', 'I-PARTY']",train,478
"['The', 'Bright', 'Labs', 'shall', 'pay', 'each', 'undisputed', 'invoice', 'within', 'ten', 'days.']","['O', 'B-PARTY', 'I-PARTY', 'O', 'O', 'O', 'O', 'O', 'O', 'B-DURATION', 'I-DURATION']",train,479
"['Zenith', 'Tech', 'will', 'develop', 'the', 'mobile', 'application', 'after', 'client', 'acceptance.']","['B-PARTY', 'I-PARTY', 'O', 'B-ACTION', 'O', 'B-DELIVERABLE', 'I-DELIVERABLE', 'B-CONDITION', 'I-CONDITION', 'I-CONDITION']",train,480
"['The', 'software', 'engineer', 'shall', 'protect', 'confidential', 'information', 'received', 'from', 'the', 'Zenith', 'Tech.']","['O', 'B-ROLE', 'I-ROLE', 'O', 'O', 'B-DELIVERABLE', 'I-DELIVERABLE', 'O', 'O', 'O', 'B-PARTY', 'I-PARTY']",train,481
"['The', 'CloudNine', 'Technologies', 'shall', 'maintain', 'the', 'project', 'documentation', 'by', '20', 'May', '2027.']","['O', 'B-PARTY', 'I-PARTY', 'O', 'B-ACTION', 'O', 'B-DELIVERABLE', 'I-DELIVERABLE', 'O', 'B-DEADLINE', 'I-DEADLINE', 'I-DEADLINE']",train,482
"['The', 'software', 'engineer', 'shall', 'provide', 'prototype', 'every', 'month.']","['O', 'B-ROLE', 'I-ROLE', 'O', 'O', 'B-DELIVERABLE', 'O', 'B-DATE']",train,483
"['NovaSoft', 'Solutions', 'will', 'develop', 'the', 'software', 'module', 'before', 'deployment.']","['B-PARTY', 'I-PARTY', 'O', 'B-ACTION', 'O', 'B-DELIVERABLE', 'I-DELIVERABLE', 'B-CONDITION', 'I-CONDITION']",train,484
"['Final', 'acceptance', 'shall', 'occur', 'within', 'six', 'weeks', 'of', 'final', 'delivery.']","['O', 'O', 'O', 'O', 'O', 'B-DURATION', 'I-DURATION', 'O', 'O', 'O']",train,485
"['The', 'NovaSoft', 'Solutions', 'shall', 'notify', 'the', 'other', 'party', 'of', 'a', 'renewal', 'request', 'at', 'least', 'three', 'months', 'before', 'expiry.']","['O', 'B-PARTY', 'I-PARTY', 'O', 'O', 'O', 'O', 'O', 'O', 'O', 'O', 'O', 'O', 'O', 'B-DEADLINE', 'I-DEADLINE', 'O', 'O']",train,486
"['Delta', 'Apps', 'will', 'develop', 'the', 'cloud', 'environment', 'upon', 'receipt', 'of', 'written', 'approval.']","['B-PARTY', 'I-PARTY', 'O', 'B-ACTION', 'O', 'B-DELIVERABLE', 'I-DELIVERABLE', 'B-CONDITION', 'I-CONDITION', 'I-CONDITION', 'I-CONDITION', 'I-CONDITION']",train,487
"['The', 'NovaSoft', 'Solutions', 'may', 'correct', 'the', 'API', 'integration', 'after', 'subject', 'to', 'client', 'approval.']","['O', 'B-PARTY', 'I-PARTY', 'O', 'B-ACTION', 'O', 'B-DELIVERABLE', 'I-DELIVERABLE', 'O', 'B-CONDITION', 'I-CONDITION', 'I-CONDITION', 'I-CONDITION']",train,488
"['The', 'software', 'developer', 'must', 'deploy', 'the', 'source', 'code', 'to', 'the', 'GreenByte', 'Ltd..']","['O', 'B-ROLE', 'I-ROLE', 'O', 'B-ACTION', 'O', 'B-DELIVERABLE', 'I-DELIVERABLE', 'O', 'O', 'B-PARTY', 'I-PARTY']",train,489
"['The', 'Orion', 'Systems', 'shall', 'correct', 'the', 'testing', 'report', 'by', '5', 'January', '2027.']","['O', 'B-PARTY', 'I-PARTY', 'O', 'B-ACTION', 'O', 'B-DELIVERABLE', 'I-DELIVERABLE', 'O', 'B-DEADLINE', 'I-DEADLINE', 'I-DEADLINE']",train,490
"['The', 'agreement', 'shall', 'commence', 'on', '15', 'February', '2027', 'and', 'continue', 'for', 'three', 'months.']","['O', 'O', 'O', 'O', 'O', 'B-DATE', 'I-DATE', 'I-DATE', 'O', 'O', 'O', 'B-DURATION', 'I-DURATION']",train,491
"['The', 'GreenByte', 'Ltd.', 'may', 'reject', 'a', 'testing', 'report', 'that', 'does', 'not', 'satisfy', 'the', 'agreed', 'specifications.']","['O', 'B-PARTY', 'I-PARTY', 'O', 'O', 'O', 'B-DELIVERABLE', 'I-DELIVERABLE', 'O', 'O', 'O', 'O', 'O', 'O', 'O']",train,492
"['Apex', 'Software', 'will', 'develop', 'the', 'API', 'integration', 'before', 'development', 'begins.']","['B-PARTY', 'I-PARTY', 'O', 'B-ACTION', 'O', 'B-DELIVERABLE', 'I-DELIVERABLE', 'B-CONDITION', 'I-CONDITION', 'I-CONDITION']",train,493
"['The', 'agreement', 'may', 'be', 'renewed', 'for', 'eight', 'weeks', 'by', 'mutual', 'written', 'consent.']","['O', 'O', 'O', 'O', 'O', 'O', 'B-DURATION', 'I-DURATION', 'O', 'O', 'O', 'O']",train,494
"['The', 'software', 'developer', 'shall', 'provide', 'source', 'code', 'every', 'month.']","['O', 'B-ROLE', 'I-ROLE', 'O', 'O', 'B-DELIVERABLE', 'I-DELIVERABLE', 'O', 'B-DATE']",train,495
"['The', 'freelance', 'developer', 'shall', 'configure', 'the', 'cloud', 'environment', 'before', 'deployment.']","['O', 'B-ROLE', 'I-ROLE', 'O', 'O', 'O', 'B-DELIVERABLE', 'I-DELIVERABLE', 'O', 'O']",train,496
"['Milestone', 'two', 'must', 'be', 'completed', 'by', '30', 'August', '2027.']","['O', 'B-DELIVERABLE', 'O', 'O', 'O', 'O', 'B-DEADLINE', 'I-DEADLINE', 'I-DEADLINE']",train,497
"['CloudNine', 'Technologies', 'will', 'test', 'the', 'prototype', 'upon', 'completion.']","['B-PARTY', 'I-PARTY', 'O', 'B-ACTION', 'O', 'B-DELIVERABLE', 'B-CONDITION', 'I-CONDITION']",train,498
"['The', 'software', 'developer', 'shall', 'correct', 'errors', 'within', 'five', 'business', 'days.']","['O', 'B-ROLE', 'I-ROLE', 'O', 'O', 'B-DELIVERABLE', 'O', 'B-DURATION', 'I-DURATION', 'I-DURATION']",train,499
"['The', 'agreement', 'shall', 'commence', 'on', '5', 'January', '2027', 'and', 'continue', 'for', 'one', 'year.']","['O', 'O', 'O', 'O', 'O', 'B-DATE', 'I-DATE', 'I-DATE', 'O', 'O', 'O', 'B-DURATION', 'I-DURATION']",train,500
"['The', 'PixelWorks', 'shall', 'notify', 'the', 'other', 'party', 'of', 'a', 'renewal', 'request', 'at', 'least', 'three', 'months', 'before', 'expiry.']","['O', 'B-PARTY', 'O', 'O', 'O', 'O', 'O', 'O', 'O', 'O', 'O', 'O', 'O', 'B-DEADLINE', 'I-DEADLINE', 'O', 'O']",train,501
"['The', 'developer', 'shall', 'document', 'backend', 'service', 'after', 'successful', 'testing.']","['O', 'B-ROLE', 'O', 'O', 'B-DELIVERABLE', 'I-DELIVERABLE', 'O', 'O', 'O']",train,502
"['Rohan', 'Das', 'shall', 'install', 'the', 'backend', 'service', 'within', 'six', 'months.']","['B-PERSON', 'I-PERSON', 'O', 'B-ACTION', 'O', 'B-DELIVERABLE', 'I-DELIVERABLE', 'O', 'B-DURATION', 'I-DURATION']",train,503
"['Rahul', 'Sharma', 'is', 'responsible', 'for', 'design', 'the', 'user', 'interface.']","['B-PERSON', 'I-PERSON', 'O', 'O', 'O', 'B-ACTION', 'O', 'B-DELIVERABLE', 'I-DELIVERABLE']",train,504
"['The', 'ABC', 'Technologies', 'may', 'integrate', 'the', 'testing', 'report', 'after', 'before', 'deployment.']","['O', 'B-PARTY', 'I-PARTY', 'O', 'B-ACTION', 'O', 'B-DELIVERABLE', 'I-DELIVERABLE', 'O', 'B-CONDITION', 'I-CONDITION']",train,505
"['The', 'software', 'developer', 'shall', 'correct', 'rejected', 'work', 'within', 'six', 'weeks.']","['O', 'B-ROLE', 'I-ROLE', 'O', 'O', 'B-DELIVERABLE', 'I-DELIVERABLE', 'O', 'B-DURATION', 'I-DURATION']",train,506
"['The', 'freelance', 'developer', 'shall', 'protect', 'confidential', 'information', 'received', 'from', 'the', 'CodeCraft', 'Solutions.']","['O', 'B-ROLE', 'I-ROLE', 'O', 'O', 'B-DELIVERABLE', 'I-DELIVERABLE', 'O', 'O', 'O', 'B-PARTY', 'I-PARTY']",train,507
"['The', 'development', 'team', 'shall', 'provide', 'acceptance', 'notice', 'at', 'least', 'three', 'months', 'before', 'termination.']","['O', 'B-ROLE', 'I-ROLE', 'O', 'O', 'B-NOTICE', 'I-NOTICE', 'O', 'O', 'B-DURATION', 'I-DURATION', 'O', 'O']",train,508
"['The', 'GreenByte', 'Ltd.', 'shall', 'provide', 'test', 'accounts', 'by', '12', 'September', '2027.']","['O', 'B-PARTY', 'I-PARTY', 'O', 'O', 'B-DELIVERABLE', 'I-DELIVERABLE', 'O', 'B-DEADLINE', 'I-DEADLINE', 'I-DEADLINE']",train,509
"['The', 'development', 'team', 'shall', 'respond', 'to', 'cloud', 'environment', 'within', 'five', 'business', 'days.']","['O', 'B-ROLE', 'I-ROLE', 'O', 'O', 'O', 'B-DELIVERABLE', 'I-DELIVERABLE', 'O', 'B-DURATION', 'I-DURATION', 'I-DURATION']",train,510
"['The', 'PixelWorks', 'shall', 'review', 'API', 'integration', 'on', '15', 'February', '2027.']","['O', 'B-PARTY', 'O', 'O', 'B-DELIVERABLE', 'I-DELIVERABLE', 'O', 'B-DATE', 'I-DATE', 'I-DATE']",train,511
"['The', 'software', 'engineer', 'shall', 'complete', 'database', 'schema', 'no', 'later', 'than', '5', 'January', '2027.']","['O', 'B-ROLE', 'I-ROLE', 'O', 'O', 'B-DELIVERABLE', 'I-DELIVERABLE', 'O', 'O', 'O', 'B-DEADLINE', 'I-DEADLINE', 'I-DEADLINE']",train,512
"['The', 'project', 'fee', 'is', 'INR', '100,000', 'and', 'shall', 'be', 'paid', 'upon', 'receipt', 'of', 'written', 'approval.']","['O', 'O', 'O', 'O', 'B-AMOUNT', 'I-AMOUNT', 'O', 'O', 'O', 'O', 'B-CONDITION', 'I-CONDITION', 'I-CONDITION', 'I-CONDITION', 'I-CONDITION']",train,513
"['The', 'software', 'developer', 'shall', 'update', 'the', 'project', 'documentation.']","['O', 'B-ROLE', 'I-ROLE', 'O', 'B-ACTION', 'O', 'B-DELIVERABLE', 'I-DELIVERABLE']",train,514
"['The', 'technical', 'consultant', 'shall', 'correct', 'rejected', 'work', 'within', 'eight', 'weeks.']","['O', 'B-ROLE', 'I-ROLE', 'O', 'O', 'B-DELIVERABLE', 'I-DELIVERABLE', 'O', 'B-DURATION', 'I-DURATION']",train,515
"['The', 'software', 'engineer', 'shall', 'correct', 'errors', 'within', 'eight', 'weeks.']","['O', 'B-ROLE', 'I-ROLE', 'O', 'O', 'B-DELIVERABLE', 'O', 'B-DURATION', 'I-DURATION']",train,516
"['The', 'mobile', 'application', 'shall', 'be', 'delivered', 'no', 'later', 'than', '15', 'December', '2027.']","['O', 'B-DELIVERABLE', 'I-DELIVERABLE', 'O', 'O', 'O', 'O', 'O', 'O', 'B-DEADLINE', 'I-DEADLINE', 'I-DEADLINE']",train,517
"['The', 'project', 'fee', 'is', 'USD', '5,000', 'and', 'shall', 'be', 'paid', 'before', 'development', 'begins.']","['O', 'O', 'O', 'O', 'B-AMOUNT', 'I-AMOUNT', 'O', 'O', 'O', 'O', 'B-CONDITION', 'I-CONDITION', 'I-CONDITION']",train,518
"['The', 'software', 'engineer', 'shall', 'respond', 'to', 'project', 'documentation', 'within', 'eight', 'weeks.']","['O', 'B-ROLE', 'I-ROLE', 'O', 'O', 'O', 'B-DELIVERABLE', 'I-DELIVERABLE', 'O', 'B-DURATION', 'I-DURATION']",train,519
"['The', 'agreement', 'may', 'be', 'renewed', 'for', 'ten', 'days', 'by', 'mutual', 'written', 'consent.']","['O', 'O', 'O', 'O', 'O', 'O', 'B-DURATION', 'I-DURATION', 'O', 'O', 'O', 'O']",train,520
"['The', 'software', 'engineer', 'shall', 'provide', 'written', 'notice', 'at', 'least', 'five', 'business', 'days', 'before', 'termination.']","['O', 'B-ROLE', 'I-ROLE', 'O', 'O', 'B-NOTICE', 'I-NOTICE', 'O', 'O', 'B-DURATION', 'I-DURATION', 'I-DURATION', 'O', 'O']",train,521
"['The', 'PixelWorks', 'shall', 'nominate', 'a', 'project', 'manager', 'for', 'the', 'engagement.']","['O', 'B-PARTY', 'O', 'O', 'O', 'B-ROLE', 'I-ROLE', 'O', 'O', 'O']",train,522
"['The', 'development', 'team', 'must', 'build', 'the', 'web', 'application', 'to', 'the', 'PixelWorks.']","['O', 'B-ROLE', 'I-ROLE', 'O', 'B-ACTION', 'O', 'B-DELIVERABLE', 'I-DELIVERABLE', 'O', 'O', 'B-PARTY']",train,523
"['The', 'contractor', 'shall', 'submit', 'backend', 'service', 'to', 'PixelWorks', 'on', '28', 'March', '2027.']","['O', 'B-ROLE', 'O', 'O', 'B-DELIVERABLE', 'I-DELIVERABLE', 'O', 'B-PARTY', 'O', 'B-DATE', 'I-DATE', 'I-DATE']",train,524
"['The', 'GreenByte', 'Ltd.', 'shall', 'make', 'the', 'first', 'installment', 'of', 'USD', '3,000', 'upon', 'receipt', 'of', 'written', 'approval.']","['O', 'B-PARTY', 'I-PARTY', 'O', 'O', 'O', 'B-PAYMENT', 'I-PAYMENT', 'O', 'B-AMOUNT', 'I-AMOUNT', 'B-CONDITION', 'I-CONDITION', 'I-CONDITION', 'I-CONDITION', 'I-CONDITION']",train,525
"['The', 'Delta', 'Apps', 'shall', 'review', 'testing', 'report', 'on', '15', 'July', '2027.']","['O', 'B-PARTY', 'I-PARTY', 'O', 'O', 'B-DELIVERABLE', 'I-DELIVERABLE', 'O', 'B-DATE', 'I-DATE', 'I-DATE']",train,526
"['The', 'software', 'engineer', 'shall', 'respond', 'to', 'API', 'integration', 'within', 'three', 'months.']","['O', 'B-ROLE', 'I-ROLE', 'O', 'O', 'O', 'B-DELIVERABLE', 'I-DELIVERABLE', 'O', 'B-DURATION', 'I-DURATION']",train,527
"['The', 'PixelWorks', 'owns', 'the', 'prototype', 'after', 'full', 'payment.']","['O', 'B-PARTY', 'O', 'O', 'B-DELIVERABLE', 'O', 'B-CONDITION', 'I-CONDITION']",train,528
"['The', 'project', 'fee', 'is', 'INR', '25,000', 'and', 'shall', 'be', 'paid', 'subject', 'to', 'client', 'approval.']","['O', 'O', 'O', 'O', 'B-AMOUNT', 'I-AMOUNT', 'O', 'O', 'O', 'O', 'B-CONDITION', 'I-CONDITION', 'I-CONDITION', 'I-CONDITION']",train,529
"['The', 'prototype', 'shall', 'be', 'delivered', 'no', 'later', 'than', '10', 'April', '2027.']","['O', 'B-DELIVERABLE', 'O', 'O', 'O', 'O', 'O', 'O', 'B-DEADLINE', 'I-DEADLINE', 'I-DEADLINE']",train,530
"['The', 'Apex', 'Software', 'may', 'implement', 'the', 'prototype', 'after', 'subject', 'to', 'client', 'approval.']","['O', 'B-PARTY', 'I-PARTY', 'O', 'B-ACTION', 'O', 'B-DELIVERABLE', 'O', 'B-CONDITION', 'I-CONDITION', 'I-CONDITION', 'I-CONDITION']",train,531
"['The', 'developer', 'shall', 'configure', 'the', 'production', 'server', 'before', 'deployment.']","['O', 'B-ROLE', 'O', 'O', 'O', 'B-DELIVERABLE', 'I-DELIVERABLE', 'O', 'O']",train,532
"['The', 'NextGen', 'Systems', 'shall', 'pay', 'the', 'outstanding', 'balance', 'within', 'fourteen', 'days', 'after', 'termination.']","['O', 'B-PARTY', 'I-PARTY', 'O', 'O', 'O', 'O', 'B-PAYMENT', 'O', 'B-DURATION', 'I-DURATION', 'O', 'O']",train,533
"['The', 'GreenByte', 'Ltd.', 'may', 'reject', 'a', 'mobile', 'application', 'that', 'does', 'not', 'satisfy', 'the', 'agreed', 'specifications.']","['O', 'B-PARTY', 'I-PARTY', 'O', 'O', 'O', 'B-DELIVERABLE', 'I-DELIVERABLE', 'O', 'O', 'O', 'O', 'O', 'O', 'O']",train,534
"['The', 'freelance', 'developer', 'shall', 'return', 'security', 'configuration', 'within', 'thirty', 'days', 'after', 'termination.']","['O', 'B-ROLE', 'I-ROLE', 'O', 'O', 'B-DELIVERABLE', 'I-DELIVERABLE', 'O', 'B-DURATION', 'I-DURATION', 'O', 'O']",train,535
"['Milestone', 'one', 'must', 'be', 'completed', 'by', '15', 'December', '2027.']","['B-DELIVERABLE', 'O', 'O', 'O', 'O', 'O', 'B-DEADLINE', 'I-DEADLINE', 'I-DEADLINE']",train,536
"['The', 'developer', 'shall', 'return', 'testing', 'report', 'within', 'three', 'months', 'after', 'termination.']","['O', 'B-ROLE', 'O', 'O', 'B-DELIVERABLE', 'I-DELIVERABLE', 'O', 'B-DURATION', 'I-DURATION', 'O', 'O']",train,537
"['The', 'Bright', 'Labs', 'shall', 'make', 'the', 'final', 'installment', 'of', 'USD', '8,500', 'before', 'development', 'begins.']","['O', 'B-PARTY', 'I-PARTY', 'O', 'O', 'O', 'B-PAYMENT', 'I-PAYMENT', 'O', 'B-AMOUNT', 'I-AMOUNT', 'B-CONDITION', 'I-CONDITION', 'I-CONDITION']",train,538
"['The', 'CloudNine', 'Technologies', 'shall', 'pay', 'each', 'undisputed', 'invoice', 'within', 'six', 'months.']","['O', 'B-PARTY', 'I-PARTY', 'O', 'O', 'O', 'O', 'O', 'O', 'B-DURATION', 'I-DURATION']",train,539
"['The', 'GreenByte', 'Ltd.', 'shall', 'provide', 'API', 'keys', 'by', '10', 'April', '2027.']","['O', 'B-PARTY', 'I-PARTY', 'O', 'O', 'B-DELIVERABLE', 'I-DELIVERABLE', 'O', 'B-DEADLINE', 'I-DEADLINE', 'I-DEADLINE']",train,540
"['The', 'Zenith', 'Tech', 'shall', 'pay', 'each', 'undisputed', 'invoice', 'within', 'six', 'months.']","['O', 'B-PARTY', 'I-PARTY', 'O', 'O', 'O', 'O', 'O', 'O', 'B-DURATION', 'I-DURATION']",train,541
"['ABC', 'Technologies', 'will', 'review', 'the', 'user', 'interface', 'after', 'client', 'acceptance.']","['B-PARTY', 'I-PARTY', 'O', 'B-ACTION', 'O', 'B-DELIVERABLE', 'I-DELIVERABLE', 'B-CONDITION', 'I-CONDITION', 'I-CONDITION']",train,542
"['The', 'technical', 'consultant', 'shall', 'provide', 'defect', 'notice', 'at', 'least', 'eight', 'weeks', 'before', 'termination.']","['O', 'B-ROLE', 'I-ROLE', 'O', 'O', 'B-NOTICE', 'I-NOTICE', 'O', 'O', 'B-DURATION', 'I-DURATION', 'O', 'O']",train,543
"['The', 'Delta', 'Apps', 'shall', 'pay', 'the', 'contractor', 'INR', '150,000', 'after', 'successful', 'testing.']","['O', 'B-PARTY', 'I-PARTY', 'O', 'O', 'O', 'B-ROLE', 'B-AMOUNT', 'I-AMOUNT', 'B-CONDITION', 'I-CONDITION', 'I-CONDITION']",train,544
"['The', 'development', 'team', 'shall', 'submit', 'mobile', 'application', 'to', 'ABC', 'Technologies', 'on', '15', 'July', '2027.']","['O', 'B-ROLE', 'I-ROLE', 'O', 'O', 'B-DELIVERABLE', 'I-DELIVERABLE', 'O', 'B-PARTY', 'I-PARTY', 'O', 'B-DATE', 'I-DATE', 'I-DATE']",train,545
"['The', 'software', 'engineer', 'shall', 'submit', 'database', 'schema', 'to', 'NextGen', 'Systems', 'on', '25', 'October', '2027.']","['O', 'B-ROLE', 'I-ROLE', 'O', 'O', 'B-DELIVERABLE', 'I-DELIVERABLE', 'O', 'B-PARTY', 'I-PARTY', 'O', 'B-DATE', 'I-DATE', 'I-DATE']",train,546
"['Meera', 'Iyer', 'is', 'responsible', 'for', 'build', 'the', 'mobile', 'application.']","['B-PERSON', 'I-PERSON', 'O', 'O', 'O', 'B-ACTION', 'O', 'B-DELIVERABLE', 'I-DELIVERABLE']",train,547
"['Milestone', 'three', 'must', 'be', 'completed', 'by', '20', 'May', '2027.']","['O', 'B-DELIVERABLE', 'O', 'O', 'O', 'O', 'B-DEADLINE', 'I-DEADLINE', 'I-DEADLINE']",train,548
"['The', 'software', 'developer', 'shall', 'not', 'disclose', 'the', 'security', 'configuration', 'to', 'any', 'third', 'party.']","['O', 'B-ROLE', 'I-ROLE', 'O', 'O', 'O', 'O', 'B-DELIVERABLE', 'I-DELIVERABLE', 'O', 'O', 'B-PARTY', 'I-PARTY']",train,549
"['Final', 'acceptance', 'shall', 'occur', 'within', 'six', 'months', 'of', 'final', 'delivery.']","['O', 'O', 'O', 'O', 'O', 'B-DURATION', 'I-DURATION', 'O', 'O', 'O']",train,550
"['The', 'Apex', 'Software', 'shall', 'approve', 'the', 'backend', 'service', 'within', 'eight', 'weeks.']","['O', 'B-PARTY', 'I-PARTY', 'O', 'O', 'O', 'B-DELIVERABLE', 'I-DELIVERABLE', 'O', 'B-DURATION', 'I-DURATION']",train,551
"['The', 'software', 'engineer', 'shall', 'complete', 'cloud', 'environment', 'no', 'later', 'than', '25', 'October', '2027.']","['O', 'B-ROLE', 'I-ROLE', 'O', 'O', 'B-DELIVERABLE', 'I-DELIVERABLE', 'O', 'O', 'O', 'B-DEADLINE', 'I-DEADLINE', 'I-DEADLINE']",train,552
"['NextGen', 'Systems', 'will', 'document', 'the', 'deployment', 'package', 'after', 'termination.']","['B-PARTY', 'I-PARTY', 'O', 'B-ACTION', 'O', 'B-DELIVERABLE', 'I-DELIVERABLE', 'B-CONDITION', 'I-CONDITION']",train,553
"['Karan', 'Singh', 'shall', 'implement', 'the', 'cloud', 'environment', 'within', 'three', 'days.']","['B-PERSON', 'I-PERSON', 'O', 'B-ACTION', 'O', 'B-DELIVERABLE', 'I-DELIVERABLE', 'O', 'B-DURATION', 'I-DURATION']",train,554
"['The', 'freelance', 'developer', 'shall', 'install', 'dependencies', 'during', 'the', 'maintenance', 'period.']","['O', 'B-ROLE', 'I-ROLE', 'O', 'O', 'B-DELIVERABLE', 'O', 'O', 'O', 'O']",train,555
"['The', 'Orion', 'Systems', 'shall', 'pay', 'each', 'undisputed', 'invoice', 'within', 'three', 'months.']","['O', 'B-PARTY', 'I-PARTY', 'O', 'O', 'O', 'O', 'O', 'O', 'B-DURATION', 'I-DURATION']",train,556
"['The', 'agreement', 'shall', 'commence', 'on', '30', 'November', '2027', 'and', 'continue', 'for', 'twelve', 'weeks.']","['O', 'O', 'O', 'O', 'O', 'B-DATE', 'I-DATE', 'I-DATE', 'O', 'O', 'O', 'B-DURATION', 'I-DURATION']",train,557
"['The', 'agreement', 'shall', 'commence', 'on', '10', 'April', '2027', 'and', 'continue', 'for', 'eight', 'weeks.']","['O', 'O', 'O', 'O', 'O', 'B-DATE', 'I-DATE', 'I-DATE', 'O', 'O', 'O', 'B-DURATION', 'I-DURATION']",train,558
"['The', 'developer', 'shall', 'retain', 'testing', 'report', 'for', 'five', 'business', 'days.']","['O', 'B-ROLE', 'O', 'O', 'B-DELIVERABLE', 'I-DELIVERABLE', 'O', 'B-DURATION', 'I-DURATION', 'I-DURATION']",train,559
"['The', 'development', 'team', 'shall', 'provide', 'API', 'integration', 'every', 'week.']","['O', 'B-ROLE', 'I-ROLE', 'O', 'O', 'B-DELIVERABLE', 'I-DELIVERABLE', 'O', 'B-DATE']",train,560
"['The', 'software', 'developer', 'shall', 'return', 'prototype', 'within', 'three', 'months', 'after', 'termination.']","['O', 'B-ROLE', 'I-ROLE', 'O', 'O', 'B-DELIVERABLE', 'O', 'B-DURATION', 'I-DURATION', 'O', 'O']",train,561
"['Vikram', 'Rao', 'shall', 'deliver', 'the', 'prototype', 'within', 'twelve', 'weeks.']","['B-PERSON', 'I-PERSON', 'O', 'B-ACTION', 'O', 'B-DELIVERABLE', 'O', 'B-DURATION', 'I-DURATION']",train,562
"['The', 'prototype', 'shall', 'be', 'delivered', 'no', 'later', 'than', '28', 'March', '2027.']","['O', 'B-DELIVERABLE', 'O', 'O', 'O', 'O', 'O', 'O', 'B-DEADLINE', 'I-DEADLINE', 'I-DEADLINE']",train,563
"['The', 'software', 'engineer', 'shall', 'submit', 'API', 'integration', 'to', 'Zenith', 'Tech', 'on', '5', 'January', '2027.']","['O', 'B-ROLE', 'I-ROLE', 'O', 'O', 'B-DELIVERABLE', 'I-DELIVERABLE', 'O', 'B-PARTY', 'I-PARTY', 'O', 'B-DATE', 'I-DATE', 'I-DATE']",train,564
"['The', 'freelance', 'developer', 'shall', 'test', 'the', 'mobile', 'application.']","['O', 'B-ROLE', 'I-ROLE', 'O', 'B-ACTION', 'O', 'B-DELIVERABLE', 'I-DELIVERABLE']",train,565
"['The', 'software', 'developer', 'shall', 'submit', 'security', 'configuration', 'to', 'Orion', 'Systems', 'on', '25', 'October', '2027.']","['O', 'B-ROLE', 'I-ROLE', 'O', 'O', 'B-DELIVERABLE', 'I-DELIVERABLE', 'O', 'B-PARTY', 'I-PARTY', 'O', 'B-DATE', 'I-DATE', 'I-DATE']",train,566
"['The', 'parties', 'shall', 'conduct', 'a', 'final', 'review', 'after', 'termination.']","['O', 'O', 'O', 'O', 'O', 'B-DELIVERABLE', 'I-DELIVERABLE', 'B-CONDITION', 'I-CONDITION']",train,567
"['The', 'PixelWorks', 'shall', 'notify', 'the', 'other', 'party', 'of', 'a', 'renewal', 'request', 'at', 'least', 'seven', 'days', 'before', 'expiry.']","['O', 'B-PARTY', 'O', 'O', 'O', 'O', 'O', 'O', 'O', 'O', 'O', 'O', 'O', 'B-DEADLINE', 'I-DEADLINE', 'O', 'O']",train,568
"['The', 'CodeCraft', 'Solutions', 'shall', 'pay', 'the', 'outstanding', 'balance', 'within', 'seven', 'days', 'after', 'termination.']","['O', 'B-PARTY', 'I-PARTY', 'O', 'O', 'O', 'O', 'B-PAYMENT', 'O', 'B-DURATION', 'I-DURATION', 'O', 'O']",train,569
"['The', 'NovaSoft', 'Solutions', 'shall', 'correct', 'the', 'security', 'configuration', 'by', '28', 'March', '2027.']","['O', 'B-PARTY', 'I-PARTY', 'O', 'B-ACTION', 'O', 'B-DELIVERABLE', 'I-DELIVERABLE', 'O', 'B-DEADLINE', 'I-DEADLINE', 'I-DEADLINE']",train,570
"['The', 'software', 'engineer', 'shall', 'submit', 'testing', 'report', 'to', 'Orion', 'Systems', 'on', '30', 'August', '2027.']","['O', 'B-ROLE', 'I-ROLE', 'O', 'O', 'B-DELIVERABLE', 'I-DELIVERABLE', 'O', 'B-PARTY', 'I-PARTY', 'O', 'B-DATE', 'I-DATE', 'I-DATE']",train,571
"['The', 'BluePeak', 'Labs', 'shall', 'pay', 'the', 'technical', 'consultant', 'USD', '8,500', 'upon', 'signing.']","['O', 'B-PARTY', 'I-PARTY', 'O', 'O', 'O', 'B-ROLE', 'I-ROLE', 'B-AMOUNT', 'I-AMOUNT', 'B-CONDITION', 'I-CONDITION']",train,572
"['Vikram', 'Rao', 'shall', 'develop', 'the', 'security', 'configuration', 'within', 'twelve', 'weeks.']","['B-PERSON', 'I-PERSON', 'O', 'B-ACTION', 'O', 'B-DELIVERABLE', 'I-DELIVERABLE', 'O', 'B-DURATION', 'I-DURATION']",train,573
"['The', 'CloudNine', 'Technologies', 'shall', 'nominate', 'a', 'project', 'manager', 'for', 'the', 'engagement.']","['O', 'B-PARTY', 'I-PARTY', 'O', 'O', 'O', 'B-ROLE', 'I-ROLE', 'O', 'O', 'O']",train,574
"['The', 'Vertex', 'Digital', 'shall', 'provide', 'the', 'web', 'application', 'by', '15', 'December', '2027.']","['O', 'B-PARTY', 'I-PARTY', 'O', 'B-ACTION', 'O', 'B-DELIVERABLE', 'I-DELIVERABLE', 'O', 'B-DEADLINE', 'I-DEADLINE', 'I-DEADLINE']",train,575
"['The', 'Vertex', 'Digital', 'shall', 'provide', 'test', 'accounts', 'by', '15', 'July', '2027.']","['O', 'B-PARTY', 'I-PARTY', 'O', 'O', 'B-DELIVERABLE', 'I-DELIVERABLE', 'O', 'B-DEADLINE', 'I-DEADLINE', 'I-DEADLINE']",train,576
"['The', 'API', 'integration', 'shall', 'be', 'delivered', 'no', 'later', 'than', '25', 'October', '2027.']","['O', 'B-DELIVERABLE', 'I-DELIVERABLE', 'O', 'O', 'O', 'O', 'O', 'O', 'B-DEADLINE', 'I-DEADLINE', 'I-DEADLINE']",train,577
"['The', 'contractor', 'shall', 'not', 'disclose', 'the', 'user', 'interface', 'to', 'any', 'third', 'party.']","['O', 'B-ROLE', 'O', 'O', 'O', 'O', 'B-DELIVERABLE', 'I-DELIVERABLE', 'O', 'O', 'B-PARTY', 'I-PARTY']",train,578
"['The', 'contractor', 'shall', 'retain', 'deployment', 'package', 'for', 'six', 'months.']","['O', 'B-ROLE', 'O', 'O', 'B-DELIVERABLE', 'I-DELIVERABLE', 'O', 'B-DURATION', 'I-DURATION']",train,579
"['The', 'agreement', 'shall', 'commence', 'on', '28', 'March', '2027', 'and', 'continue', 'for', 'eight', 'weeks.']","['O', 'O', 'O', 'O', 'O', 'B-DATE', 'I-DATE', 'I-DATE', 'O', 'O', 'O', 'B-DURATION', 'I-DURATION']",train,580
"['The', 'contractor', 'must', 'integrate', 'the', 'web', 'application', 'to', 'the', 'GreenByte', 'Ltd..']","['O', 'B-ROLE', 'O', 'B-ACTION', 'O', 'B-DELIVERABLE', 'I-DELIVERABLE', 'O', 'O', 'B-PARTY', 'I-PARTY']",train,581
"['Either', 'party', 'to', 'this', 'agreement', 'may', 'terminate', 'the', 'agreement', 'by', 'giving', 'twelve', 'weeks', 'written', 'notice.']","['O', 'B-PARTY', 'I-PARTY', 'I-PARTY', 'I-PARTY', 'O', 'O', 'O', 'O', 'O', 'O', 'B-DURATION', 'I-DURATION', 'O', 'O']",train,582
"['The', 'freelance', 'developer', 'shall', 'not', 'disclose', 'the', 'security', 'configuration', 'to', 'any', 'third', 'party.']","['O', 'B-ROLE', 'I-ROLE', 'O', 'O', 'O', 'O', 'B-DELIVERABLE', 'I-DELIVERABLE', 'O', 'O', 'B-PARTY', 'I-PARTY']",train,583
"['The', 'Apex', 'Software', 'shall', 'provide', 'cloud', 'environment', 'to', 'the', 'software', 'developer', 'before', 'development', 'begins.']","['O', 'B-PARTY', 'I-PARTY', 'O', 'O', 'B-DELIVERABLE', 'I-DELIVERABLE', 'O', 'O', 'B-ROLE', 'I-ROLE', 'O', 'O', 'O']",train,584
"['The', 'Delta', 'Apps', 'shall', 'provide', 'cloud', 'credentials', 'by', '12', 'September', '2027.']","['O', 'B-PARTY', 'I-PARTY', 'O', 'O', 'B-DELIVERABLE', 'I-DELIVERABLE', 'O', 'B-DEADLINE', 'I-DEADLINE', 'I-DEADLINE']",train,585
"['The', 'contractor', 'shall', 'configure', 'the', 'production', 'server', 'before', 'deployment.']","['O', 'B-ROLE', 'O', 'O', 'O', 'B-DELIVERABLE', 'I-DELIVERABLE', 'O', 'O']",train,586
"['The', 'Bright', 'Labs', 'may', 'reject', 'a', 'cloud', 'environment', 'that', 'does', 'not', 'satisfy', 'the', 'agreed', 'specifications.']","['O', 'B-PARTY', 'I-PARTY', 'O', 'O', 'O', 'B-DELIVERABLE', 'I-DELIVERABLE', 'O', 'O', 'O', 'O', 'O', 'O', 'O']",train,587
"['The', 'project', 'fee', 'is', 'INR', '150,000', 'and', 'shall', 'be', 'paid', 'upon', 'receipt', 'of', 'written', 'approval.']","['O', 'O', 'O', 'O', 'B-AMOUNT', 'I-AMOUNT', 'O', 'O', 'O', 'O', 'B-CONDITION', 'I-CONDITION', 'I-CONDITION', 'I-CONDITION', 'I-CONDITION']",train,588
"['The', 'ABC', 'Technologies', 'shall', 'approve', 'the', 'project', 'documentation', 'within', 'three', 'days.']","['O', 'B-PARTY', 'I-PARTY', 'O', 'O', 'O', 'B-DELIVERABLE', 'I-DELIVERABLE', 'O', 'B-DURATION', 'I-DURATION']",train,589
"['The', 'parties', 'shall', 'conduct', 'a', 'final', 'review', 'before', 'deployment.']","['O', 'O', 'O', 'O', 'O', 'B-DELIVERABLE', 'I-DELIVERABLE', 'B-CONDITION', 'I-CONDITION']",train,590
"['The', 'CodeCraft', 'Solutions', 'shall', 'approve', 'the', 'database', 'schema', 'within', 'twelve', 'weeks.']","['O', 'B-PARTY', 'I-PARTY', 'O', 'O', 'O', 'B-DELIVERABLE', 'I-DELIVERABLE', 'O', 'B-DURATION', 'I-DURATION']",train,591
"['The', 'software', 'developer', 'shall', 'respond', 'to', 'testing', 'report', 'within', 'thirty', 'days.']","['O', 'B-ROLE', 'I-ROLE', 'O', 'O', 'O', 'B-DELIVERABLE', 'I-DELIVERABLE', 'O', 'B-DURATION', 'I-DURATION']",train,592
"['The', 'Bright', 'Labs', 'shall', 'provide', 'prototype', 'to', 'the', 'software', 'engineer', 'before', 'development', 'begins.']","['O', 'B-PARTY', 'I-PARTY', 'O', 'O', 'B-DELIVERABLE', 'O', 'O', 'B-ROLE', 'I-ROLE', 'O', 'O', 'O']",train,593
"['The', 'NextGen', 'Systems', 'may', 'develop', 'the', 'technical', 'documentation', 'after', 'after', 'final', 'delivery.']","['O', 'B-PARTY', 'I-PARTY', 'O', 'B-ACTION', 'O', 'B-DELIVERABLE', 'I-DELIVERABLE', 'O', 'B-CONDITION', 'I-CONDITION', 'I-CONDITION']",train,594
"['The', 'software', 'developer', 'shall', 'return', 'software', 'module', 'within', 'fourteen', 'days', 'after', 'termination.']","['O', 'B-ROLE', 'I-ROLE', 'O', 'O', 'B-DELIVERABLE', 'I-DELIVERABLE', 'O', 'B-DURATION', 'I-DURATION', 'O', 'O']",train,595
"['The', 'total', 'contract', 'value', 'is', 'INR', '25,000.']","['O', 'O', 'B-PAYMENT', 'I-PAYMENT', 'O', 'B-AMOUNT', 'I-AMOUNT']",train,596
"['The', 'freelance', 'developer', 'shall', 'document', 'user', 'interface', 'after', 'successful', 'testing.']","['O', 'B-ROLE', 'I-ROLE', 'O', 'O', 'B-DELIVERABLE', 'I-DELIVERABLE', 'O', 'O', 'O']",train,597
"['The', 'Apex', 'Software', 'shall', 'pay', 'the', 'software', 'developer', 'USD', '3,000', 'before', 'deployment.']","['O', 'B-PARTY', 'I-PARTY', 'O', 'O', 'O', 'B-ROLE', 'I-ROLE', 'B-AMOUNT', 'I-AMOUNT', 'B-CONDITION', 'I-CONDITION']",train,598
"['The', 'software', 'engineer', 'shall', 'submit', 'database', 'schema', 'to', 'Bright', 'Labs', 'on', '15', 'February', '2027.']","['O', 'B-ROLE', 'I-ROLE', 'O', 'O', 'B-DELIVERABLE', 'I-DELIVERABLE', 'O', 'B-PARTY', 'I-PARTY', 'O', 'B-DATE', 'I-DATE', 'I-DATE']",train,599
"['The', 'BluePeak', 'Labs', 'shall', 'provide', 'API', 'keys', 'by', '10', 'April', '2027.']","['O', 'B-PARTY', 'I-PARTY', 'O', 'O', 'B-DELIVERABLE', 'I-DELIVERABLE', 'O', 'B-DEADLINE', 'I-DEADLINE', 'I-DEADLINE']",train,600
"['The', 'software', 'engineer', 'shall', 'not', 'disclose', 'the', 'user', 'interface', 'to', 'any', 'third', 'party.']","['O', 'B-ROLE', 'I-ROLE', 'O', 'O', 'O', 'O', 'B-DELIVERABLE', 'I-DELIVERABLE', 'O', 'O', 'B-PARTY', 'I-PARTY']",train,601
"['The', 'technical', 'consultant', 'shall', 'retain', 'API', 'integration', 'for', 'thirty', 'days.']","['O', 'B-ROLE', 'I-ROLE', 'O', 'O', 'B-DELIVERABLE', 'I-DELIVERABLE', 'O', 'B-DURATION', 'I-DURATION']",train,602
"['The', 'development', 'team', 'shall', 'submit', 'prototype', 'to', 'CodeCraft', 'Solutions', 'on', '10', 'April', '2027.']","['O', 'B-ROLE', 'I-ROLE', 'O', 'O', 'B-DELIVERABLE', 'O', 'B-PARTY', 'I-PARTY', 'O', 'B-DATE', 'I-DATE', 'I-DATE']",train,603
"['The', 'ABC', 'Technologies', 'shall', 'make', 'the', 'final', 'installment', 'of', 'USD', '5,000', 'after', 'termination.']","['O', 'B-PARTY', 'I-PARTY', 'O', 'O', 'O', 'B-PAYMENT', 'I-PAYMENT', 'O', 'B-AMOUNT', 'I-AMOUNT', 'B-CONDITION', 'I-CONDITION']",train,604
"['The', 'software', 'engineer', 'shall', 'return', 'the', 'database', 'schema.']","['O', 'B-ROLE', 'I-ROLE', 'O', 'B-ACTION', 'O', 'B-DELIVERABLE', 'I-DELIVERABLE']",train,605
"['The', 'CodeCraft', 'Solutions', 'shall', 'approve', 'the', 'prototype', 'within', 'six', 'months.']","['O', 'B-PARTY', 'I-PARTY', 'O', 'O', 'O', 'B-DELIVERABLE', 'O', 'B-DURATION', 'I-DURATION']",train,606
"['Final', 'acceptance', 'shall', 'occur', 'within', 'three', 'months', 'of', 'final', 'delivery.']","['O', 'O', 'O', 'O', 'O', 'B-DURATION', 'I-DURATION', 'O', 'O', 'O']",train,607
"['The', 'BluePeak', 'Labs', 'shall', 'approve', 'the', 'database', 'schema', 'within', 'eight', 'weeks.']","['O', 'B-PARTY', 'I-PARTY', 'O', 'O', 'O', 'B-DELIVERABLE', 'I-DELIVERABLE', 'O', 'B-DURATION', 'I-DURATION']",train,608
"['The', 'NovaSoft', 'Solutions', 'shall', 'approve', 'the', 'source', 'code', 'within', 'five', 'business', 'days.']","['O', 'B-PARTY', 'I-PARTY', 'O', 'O', 'O', 'B-DELIVERABLE', 'I-DELIVERABLE', 'O', 'B-DURATION', 'I-DURATION', 'I-DURATION']",train,609
"['The', 'Orion', 'Systems', 'shall', 'review', 'technical', 'documentation', 'on', '25', 'October', '2027.']","['O', 'B-PARTY', 'I-PARTY', 'O', 'O', 'B-DELIVERABLE', 'I-DELIVERABLE', 'O', 'B-DATE', 'I-DATE', 'I-DATE']",train,610
"['The', 'software', 'engineer', 'shall', 'not', 'disclose', 'the', 'API', 'integration', 'to', 'any', 'third', 'party.']","['O', 'B-ROLE', 'I-ROLE', 'O', 'O', 'O', 'O', 'B-DELIVERABLE', 'I-DELIVERABLE', 'O', 'O', 'B-PARTY', 'I-PARTY']",train,611
"['The', 'Vertex', 'Digital', 'shall', 'nominate', 'a', 'project', 'manager', 'for', 'the', 'engagement.']","['O', 'B-PARTY', 'I-PARTY', 'O', 'O', 'O', 'B-ROLE', 'I-ROLE', 'O', 'O', 'O']",train,612
"['Either', 'party', 'to', 'this', 'agreement', 'may', 'terminate', 'the', 'agreement', 'by', 'giving', 'thirty', 'days', 'written', 'notice.']","['O', 'B-PARTY', 'I-PARTY', 'I-PARTY', 'I-PARTY', 'O', 'O', 'O', 'O', 'O', 'O', 'B-DURATION', 'I-DURATION', 'O', 'O']",train,613
"['The', 'software', 'engineer', 'shall', 'submit', 'backend', 'service', 'to', 'Orion', 'Systems', 'on', '15', 'July', '2027.']","['O', 'B-ROLE', 'I-ROLE', 'O', 'O', 'B-DELIVERABLE', 'I-DELIVERABLE', 'O', 'B-PARTY', 'I-PARTY', 'O', 'B-DATE', 'I-DATE', 'I-DATE']",train,614
"['The', 'CloudNine', 'Technologies', 'shall', 'approve', 'the', 'API', 'integration', 'within', 'ten', 'days.']","['O', 'B-PARTY', 'I-PARTY', 'O', 'O', 'O', 'B-DELIVERABLE', 'I-DELIVERABLE', 'O', 'B-DURATION', 'I-DURATION']",train,615
"['The', 'developer', 'shall', 'return', 'project', 'documentation', 'within', 'five', 'business', 'days', 'after', 'termination.']","['O', 'B-ROLE', 'O', 'O', 'B-DELIVERABLE', 'I-DELIVERABLE', 'O', 'B-DURATION', 'I-DURATION', 'I-DURATION', 'O', 'O']",train,616
"['The', 'software', 'engineer', 'shall', 'respond', 'to', 'cloud', 'environment', 'within', 'three', 'days.']","['O', 'B-ROLE', 'I-ROLE', 'O', 'O', 'O', 'B-DELIVERABLE', 'I-DELIVERABLE', 'O', 'B-DURATION', 'I-DURATION']",train,617
"['The', 'contractor', 'shall', 'implement', 'the', 'API', 'integration.']","['O', 'B-ROLE', 'O', 'B-ACTION', 'O', 'B-DELIVERABLE', 'I-DELIVERABLE']",train,618
"['The', 'contractor', 'shall', 'correct', 'errors', 'within', 'one', 'year.']","['O', 'B-ROLE', 'O', 'O', 'B-DELIVERABLE', 'O', 'B-DURATION', 'I-DURATION']",train,619
"['The', 'Orion', 'Systems', 'shall', 'pay', 'the', 'outstanding', 'balance', 'within', 'twelve', 'weeks', 'after', 'termination.']","['O', 'B-PARTY', 'I-PARTY', 'O', 'O', 'O', 'O', 'B-PAYMENT', 'O', 'B-DURATION', 'I-DURATION', 'O', 'O']",train,620
"['The', 'Vertex', 'Digital', 'shall', 'notify', 'the', 'other', 'party', 'of', 'a', 'renewal', 'request', 'at', 'least', 'five', 'business', 'days', 'before', 'expiry.']","['O', 'B-PARTY', 'I-PARTY', 'O', 'O', 'O', 'O', 'O', 'O', 'O', 'O', 'O', 'O', 'O', 'B-DEADLINE', 'I-DEADLINE', 'I-DEADLINE', 'O', 'O']",train,621
"['Karan', 'Singh', 'is', 'responsible', 'for', 'configure', 'the', 'technical', 'documentation.']","['B-PERSON', 'I-PERSON', 'O', 'O', 'O', 'B-ACTION', 'O', 'B-DELIVERABLE', 'I-DELIVERABLE']",train,622
"['The', 'GreenByte', 'Ltd.', 'may', 'deliver', 'the', 'prototype', 'after', 'after', 'client', 'acceptance.']","['O', 'B-PARTY', 'I-PARTY', 'O', 'B-ACTION', 'O', 'B-DELIVERABLE', 'O', 'B-CONDITION', 'I-CONDITION', 'I-CONDITION']",train,623
"['The', 'technical', 'consultant', 'shall', 'submit', 'cloud', 'environment', 'to', 'BluePeak', 'Labs', 'on', '28', 'March', '2027.']","['O', 'B-ROLE', 'I-ROLE', 'O', 'O', 'B-DELIVERABLE', 'I-DELIVERABLE', 'O', 'B-PARTY', 'I-PARTY', 'O', 'B-DATE', 'I-DATE', 'I-DATE']",train,624
"['The', 'technical', 'consultant', 'shall', 'complete', 'prototype', 'no', 'later', 'than', '15', 'February', '2027.']","['O', 'B-ROLE', 'I-ROLE', 'O', 'O', 'B-DELIVERABLE', 'O', 'O', 'O', 'B-DEADLINE', 'I-DEADLINE', 'I-DEADLINE']",train,625
"['The', 'software', 'engineer', 'shall', 'submit', 'mobile', 'application', 'to', 'PixelWorks', 'on', '30', 'November', '2027.']","['O', 'B-ROLE', 'I-ROLE', 'O', 'O', 'B-DELIVERABLE', 'I-DELIVERABLE', 'O', 'B-PARTY', 'O', 'B-DATE', 'I-DATE', 'I-DATE']",train,626
"['The', 'developer', 'shall', 'complete', 'database', 'schema', 'no', 'later', 'than', '5', 'January', '2027.']","['O', 'B-ROLE', 'O', 'O', 'B-DELIVERABLE', 'I-DELIVERABLE', 'O', 'O', 'O', 'B-DEADLINE', 'I-DEADLINE', 'I-DEADLINE']",train,627
"['The', 'technical', 'consultant', 'shall', 'return', 'technical', 'documentation', 'within', 'twelve', 'weeks', 'after', 'termination.']","['O', 'B-ROLE', 'I-ROLE', 'O', 'O', 'B-DELIVERABLE', 'I-DELIVERABLE', 'O', 'B-DURATION', 'I-DURATION', 'O', 'O']",train,628
"['The', 'software', 'engineer', 'shall', 'return', 'user', 'interface', 'within', 'one', 'year', 'after', 'termination.']","['O', 'B-ROLE', 'I-ROLE', 'O', 'O', 'B-DELIVERABLE', 'I-DELIVERABLE', 'O', 'B-DURATION', 'I-DURATION', 'O', 'O']",train,629
"['The', 'Zenith', 'Tech', 'shall', 'provide', 'cloud', 'credentials', 'by', '20', 'May', '2027.']","['O', 'B-PARTY', 'I-PARTY', 'O', 'O', 'B-DELIVERABLE', 'I-DELIVERABLE', 'O', 'B-DEADLINE', 'I-DEADLINE', 'I-DEADLINE']",train,630
"['The', 'technical', 'consultant', 'shall', 'respond', 'to', 'backend', 'service', 'within', 'twelve', 'weeks.']","['O', 'B-ROLE', 'I-ROLE', 'O', 'O', 'O', 'B-DELIVERABLE', 'I-DELIVERABLE', 'O', 'B-DURATION', 'I-DURATION']",train,631
"['The', 'technical', 'consultant', 'shall', 'submit', 'web', 'application', 'to', 'CodeCraft', 'Solutions', 'on', '10', 'April', '2027.']","['O', 'B-ROLE', 'I-ROLE', 'O', 'O', 'B-DELIVERABLE', 'I-DELIVERABLE', 'O', 'B-PARTY', 'I-PARTY', 'O', 'B-DATE', 'I-DATE', 'I-DATE']",train,632
"['The', 'software', 'developer', 'must', 'deploy', 'the', 'cloud', 'environment', 'to', 'the', 'NextGen', 'Systems.']","['O', 'B-ROLE', 'I-ROLE', 'O', 'B-ACTION', 'O', 'B-DELIVERABLE', 'I-DELIVERABLE', 'O', 'O', 'B-PARTY', 'I-PARTY']",train,633
"['The', 'CodeCraft', 'Solutions', 'may', 'return', 'the', 'prototype', 'after', 'upon', 'signing.']","['O', 'B-PARTY', 'I-PARTY', 'O', 'B-ACTION', 'O', 'B-DELIVERABLE', 'O', 'B-CONDITION', 'I-CONDITION']",train,634
"['The', 'web', 'application', 'shall', 'be', 'delivered', 'no', 'later', 'than', '28', 'March', '2027.']","['O', 'B-DELIVERABLE', 'I-DELIVERABLE', 'O', 'O', 'O', 'O', 'O', 'O', 'B-DEADLINE', 'I-DEADLINE', 'I-DEADLINE']",train,635
"['NextGen', 'Systems', 'will', 'integrate', 'the', 'security', 'configuration', 'after', 'final', 'delivery.']","['B-PARTY', 'I-PARTY', 'O', 'B-ACTION', 'O', 'B-DELIVERABLE', 'I-DELIVERABLE', 'B-CONDITION', 'I-CONDITION', 'I-CONDITION']",train,636
"['The', 'Delta', 'Apps', 'may', 'reject', 'a', 'security', 'configuration', 'that', 'does', 'not', 'satisfy', 'the', 'agreed', 'specifications.']","['O', 'B-PARTY', 'I-PARTY', 'O', 'O', 'O', 'B-DELIVERABLE', 'I-DELIVERABLE', 'O', 'O', 'O', 'O', 'O', 'O', 'O']",train,637
"['The', 'software', 'developer', 'shall', 'retain', 'API', 'integration', 'for', 'thirty', 'days.']","['O', 'B-ROLE', 'I-ROLE', 'O', 'O', 'B-DELIVERABLE', 'I-DELIVERABLE', 'O', 'B-DURATION', 'I-DURATION']",train,638
"['The', 'project', 'fee', 'is', 'INR', '150,000', 'and', 'shall', 'be', 'paid', 'after', 'successful', 'testing.']","['O', 'O', 'O', 'O', 'B-AMOUNT', 'I-AMOUNT', 'O', 'O', 'O', 'O', 'B-CONDITION', 'I-CONDITION', 'I-CONDITION']",train,639
"['The', 'developer', 'shall', 'protect', 'confidential', 'information', 'received', 'from', 'the', 'NovaSoft', 'Solutions.']","['O', 'B-ROLE', 'O', 'O', 'B-DELIVERABLE', 'I-DELIVERABLE', 'O', 'O', 'O', 'B-PARTY', 'I-PARTY']",train,640
"['The', 'contractor', 'shall', 'deliver', 'the', 'security', 'configuration.']","['O', 'B-ROLE', 'O', 'B-ACTION', 'O', 'B-DELIVERABLE', 'I-DELIVERABLE']",train,641
"['The', 'total', 'contract', 'value', 'is', 'USD', '8,500.']","['O', 'O', 'B-PAYMENT', 'I-PAYMENT', 'O', 'B-AMOUNT', 'I-AMOUNT']",train,642
"['The', 'total', 'contract', 'value', 'is', 'INR', '50,000.']","['O', 'O', 'B-PAYMENT', 'I-PAYMENT', 'O', 'B-AMOUNT', 'I-AMOUNT']",train,643
"['The', 'Orion', 'Systems', 'shall', 'pay', 'the', 'outstanding', 'balance', 'within', 'seven', 'days', 'after', 'termination.']","['O', 'B-PARTY', 'I-PARTY', 'O', 'O', 'O', 'O', 'B-PAYMENT', 'O', 'B-DURATION', 'I-DURATION', 'O', 'O']",train,644
"['The', 'developer', 'shall', 'install', 'security', 'updates', 'during', 'the', 'maintenance', 'period.']","['O', 'B-ROLE', 'O', 'O', 'B-DELIVERABLE', 'I-DELIVERABLE', 'O', 'O', 'O', 'O']",train,645
"['The', 'software', 'developer', 'shall', 'submit', 'backend', 'service', 'to', 'NovaSoft', 'Solutions', 'on', '28', 'March', '2027.']","['O', 'B-ROLE', 'I-ROLE', 'O', 'O', 'B-DELIVERABLE', 'I-DELIVERABLE', 'O', 'B-PARTY', 'I-PARTY', 'O', 'B-DATE', 'I-DATE', 'I-DATE']",train,646
"['The', 'project', 'fee', 'is', 'USD', '5,000', 'and', 'shall', 'be', 'paid', 'upon', 'signing.']","['O', 'O', 'O', 'O', 'B-AMOUNT', 'I-AMOUNT', 'O', 'O', 'O', 'O', 'B-CONDITION', 'I-CONDITION']",train,647
"['The', 'development', 'team', 'shall', 'return', 'project', 'documentation', 'within', 'one', 'year', 'after', 'termination.']","['O', 'B-ROLE', 'I-ROLE', 'O', 'O', 'B-DELIVERABLE', 'I-DELIVERABLE', 'O', 'B-DURATION', 'I-DURATION', 'O', 'O']",train,648
"['Rahul', 'Sharma', 'is', 'responsible', 'for', 'build', 'the', 'testing', 'report.']","['B-PERSON', 'I-PERSON', 'O', 'O', 'O', 'B-ACTION', 'O', 'B-DELIVERABLE', 'I-DELIVERABLE']",train,649
"['The', 'NovaSoft', 'Solutions', 'shall', 'pay', 'the', 'outstanding', 'balance', 'within', 'six', 'months', 'after', 'termination.']","['O', 'B-PARTY', 'I-PARTY', 'O', 'O', 'O', 'O', 'B-PAYMENT', 'O', 'B-DURATION', 'I-DURATION', 'O', 'O']",train,650
"['The', 'Vertex', 'Digital', 'shall', 'approve', 'the', 'testing', 'report', 'within', 'six', 'months.']","['O', 'B-PARTY', 'I-PARTY', 'O', 'O', 'O', 'B-DELIVERABLE', 'I-DELIVERABLE', 'O', 'B-DURATION', 'I-DURATION']",train,651
"['The', 'software', 'developer', 'may', 'request', 'an', 'extension', 'before', 'the', 'delivery', 'deadline.']","['O', 'B-ROLE', 'I-ROLE', 'O', 'O', 'O', 'O', 'O', 'O', 'B-DEADLINE', 'I-DEADLINE']",train,652
"['The', 'source', 'code', 'shall', 'be', 'delivered', 'no', 'later', 'than', '15', 'February', '2027.']","['O', 'B-DELIVERABLE', 'I-DELIVERABLE', 'O', 'O', 'O', 'O', 'O', 'O', 'B-DEADLINE', 'I-DEADLINE', 'I-DEADLINE']",train,653
"['Either', 'party', 'may', 'terminate', 'the', 'agreement', 'by', 'giving', 'five', 'business', 'days', 'written', 'notice.']","['O', 'B-PARTY', 'O', 'O', 'O', 'O', 'O', 'O', 'B-DURATION', 'I-DURATION', 'I-DURATION', 'O', 'O']",train,654
"['The', 'Orion', 'Systems', 'shall', 'pay', 'each', 'undisputed', 'invoice', 'within', 'ten', 'days.']","['O', 'B-PARTY', 'I-PARTY', 'O', 'O', 'O', 'O', 'O', 'O', 'B-DURATION', 'I-DURATION']",train,655
"['CloudNine', 'Technologies', 'will', 'design', 'the', 'backend', 'service', 'upon', 'signing.']","['B-PARTY', 'I-PARTY', 'O', 'B-ACTION', 'O', 'B-DELIVERABLE', 'I-DELIVERABLE', 'B-CONDITION', 'I-CONDITION']",train,656
"['The', 'Bright', 'Labs', 'shall', 'provide', 'technical', 'specifications', 'by', '1', 'June', '2027.']","['O', 'B-PARTY', 'I-PARTY', 'O', 'O', 'B-DELIVERABLE', 'I-DELIVERABLE', 'O', 'B-DEADLINE', 'I-DEADLINE', 'I-DEADLINE']",train,657
"['The', 'software', 'developer', 'shall', 'document', 'database', 'schema', 'after', 'successful', 'testing.']","['O', 'B-ROLE', 'I-ROLE', 'O', 'O', 'B-DELIVERABLE', 'I-DELIVERABLE', 'O', 'O', 'O']",train,658
"['The', 'Zenith', 'Tech', 'shall', 'provide', 'cloud', 'credentials', 'by', '15', 'December', '2027.']","['O', 'B-PARTY', 'I-PARTY', 'O', 'O', 'B-DELIVERABLE', 'I-DELIVERABLE', 'O', 'B-DEADLINE', 'I-DEADLINE', 'I-DEADLINE']",train,659
"['The', 'freelance', 'developer', 'shall', 'retain', 'cloud', 'environment', 'for', 'one', 'year.']","['O', 'B-ROLE', 'I-ROLE', 'O', 'O', 'B-DELIVERABLE', 'I-DELIVERABLE', 'O', 'B-DURATION', 'I-DURATION']",train,660
"['The', 'NextGen', 'Systems', 'shall', 'pay', 'the', 'software', 'developer', 'INR', '25,000', 'upon', 'completion.']","['O', 'B-PARTY', 'I-PARTY', 'O', 'O', 'O', 'B-ROLE', 'I-ROLE', 'B-AMOUNT', 'I-AMOUNT', 'B-CONDITION', 'I-CONDITION']",train,661
"['The', 'NovaSoft', 'Solutions', 'may', 'reject', 'a', 'web', 'application', 'that', 'does', 'not', 'satisfy', 'the', 'agreed', 'specifications.']","['O', 'B-PARTY', 'I-PARTY', 'O', 'O', 'O', 'B-DELIVERABLE', 'I-DELIVERABLE', 'O', 'O', 'O', 'O', 'O', 'O', 'O']",train,662
"['The', 'PixelWorks', 'shall', 'pay', 'the', 'software', 'engineer', 'INR', '25,000', 'after', 'successful', 'testing.']","['O', 'B-PARTY', 'O', 'O', 'O', 'B-ROLE', 'I-ROLE', 'B-AMOUNT', 'I-AMOUNT', 'B-CONDITION', 'I-CONDITION', 'I-CONDITION']",train,663
"['The', 'Zenith', 'Tech', 'shall', 'pay', 'each', 'undisputed', 'invoice', 'within', 'ten', 'days.']","['O', 'B-PARTY', 'I-PARTY', 'O', 'O', 'O', 'O', 'O', 'O', 'B-DURATION', 'I-DURATION']",train,664
"['The', 'Orion', 'Systems', 'shall', 'provide', 'web', 'application', 'to', 'the', 'freelance', 'developer', 'before', 'development', 'begins.']","['O', 'B-PARTY', 'I-PARTY', 'O', 'O', 'B-DELIVERABLE', 'I-DELIVERABLE', 'O', 'O', 'B-ROLE', 'I-ROLE', 'O', 'O', 'O']",train,665
"['The', 'technical', 'consultant', 'shall', 'protect', 'confidential', 'information', 'received', 'from', 'the', 'CodeCraft', 'Solutions.']","['O', 'B-ROLE', 'I-ROLE', 'O', 'O', 'B-DELIVERABLE', 'I-DELIVERABLE', 'O', 'O', 'O', 'B-PARTY', 'I-PARTY']",train,666
"['The', 'contractor', 'must', 'correct', 'the', 'security', 'configuration', 'to', 'the', 'Orion', 'Systems.']","['O', 'B-ROLE', 'O', 'B-ACTION', 'O', 'B-DELIVERABLE', 'I-DELIVERABLE', 'O', 'O', 'B-PARTY', 'I-PARTY']",train,667
"['The', 'CloudNine', 'Technologies', 'shall', 'pay', 'each', 'undisputed', 'invoice', 'within', 'thirty', 'days.']","['O', 'B-PARTY', 'I-PARTY', 'O', 'O', 'O', 'O', 'O', 'O', 'B-DURATION', 'I-DURATION']",train,668
"['The', 'developer', 'shall', 'provide', 'defect', 'notice', 'at', 'least', 'fourteen', 'days', 'before', 'termination.']","['O', 'B-ROLE', 'O', 'O', 'B-NOTICE', 'I-NOTICE', 'O', 'O', 'B-DURATION', 'I-DURATION', 'O', 'O']",train,669
"['The', 'software', 'developer', 'shall', 'return', 'the', 'security', 'configuration.']","['O', 'B-ROLE', 'I-ROLE', 'O', 'B-ACTION', 'O', 'B-DELIVERABLE', 'I-DELIVERABLE']",train,670
"['NovaSoft', 'Solutions', 'will', 'provide', 'the', 'project', 'documentation', 'before', 'development', 'begins.']","['B-PARTY', 'I-PARTY', 'O', 'B-ACTION', 'O', 'B-DELIVERABLE', 'I-DELIVERABLE', 'B-CONDITION', 'I-CONDITION', 'I-CONDITION']",train,671
"['The', 'PixelWorks', 'shall', 'design', 'the', 'user', 'interface', 'by', '15', 'February', '2027.']","['O', 'B-PARTY', 'O', 'B-ACTION', 'O', 'B-DELIVERABLE', 'I-DELIVERABLE', 'O', 'B-DEADLINE', 'I-DEADLINE', 'I-DEADLINE']",train,672
"['The', 'software', 'engineer', 'shall', 'provide', 'cloud', 'environment', 'every', 'Friday.']","['O', 'B-ROLE', 'I-ROLE', 'O', 'O', 'B-DELIVERABLE', 'I-DELIVERABLE', 'O', 'B-DATE']",train,673
"['The', 'Bright', 'Labs', 'shall', 'review', 'cloud', 'environment', 'on', '12', 'September', '2027.']","['O', 'B-PARTY', 'I-PARTY', 'O', 'O', 'B-DELIVERABLE', 'I-DELIVERABLE', 'O', 'B-DATE', 'I-DATE', 'I-DATE']",train,674
"['NextGen', 'Systems', 'will', 'design', 'the', 'project', 'documentation', 'after', 'final', 'delivery.']","['B-PARTY', 'I-PARTY', 'O', 'B-ACTION', 'O', 'B-DELIVERABLE', 'I-DELIVERABLE', 'B-CONDITION', 'I-CONDITION', 'I-CONDITION']",train,675
"['The', 'freelance', 'developer', 'shall', 'configure', 'the', 'production', 'server', 'before', 'deployment.']","['O', 'B-ROLE', 'I-ROLE', 'O', 'O', 'O', 'B-DELIVERABLE', 'I-DELIVERABLE', 'O', 'O']",train,676
"['The', 'Apex', 'Software', 'shall', 'make', 'the', 'milestone', 'payment', 'of', 'USD', '3,000', 'after', 'final', 'delivery.']","['O', 'B-PARTY', 'I-PARTY', 'O', 'O', 'O', 'B-PAYMENT', 'I-PAYMENT', 'O', 'B-AMOUNT', 'I-AMOUNT', 'B-CONDITION', 'I-CONDITION', 'I-CONDITION']",train,677
"['The', 'BluePeak', 'Labs', 'shall', 'pay', 'each', 'undisputed', 'invoice', 'within', 'seven', 'days.']","['O', 'B-PARTY', 'I-PARTY', 'O', 'O', 'O', 'O', 'O', 'O', 'B-DURATION', 'I-DURATION']",train,678
"['The', 'web', 'application', 'shall', 'be', 'delivered', 'no', 'later', 'than', '1', 'June', '2027.']","['O', 'B-DELIVERABLE', 'I-DELIVERABLE', 'O', 'O', 'O', 'O', 'O', 'O', 'B-DEADLINE', 'I-DEADLINE', 'I-DEADLINE']",train,679
"['The', 'agreement', 'shall', 'expire', 'on', '25', 'October', '2027.']","['O', 'O', 'O', 'O', 'O', 'B-DATE', 'I-DATE', 'I-DATE']",train,680
"['The', 'freelance', 'developer', 'shall', 'complete', 'prototype', 'no', 'later', 'than', '30', 'August', '2027.']","['O', 'B-ROLE', 'I-ROLE', 'O', 'O', 'B-DELIVERABLE', 'O', 'O', 'O', 'B-DEADLINE', 'I-DEADLINE', 'I-DEADLINE']",train,681
"['The', 'Zenith', 'Tech', 'shall', 'provide', 'user', 'interface', 'to', 'the', 'contractor', 'before', 'development', 'begins.']","['O', 'B-PARTY', 'I-PARTY', 'O', 'O', 'B-DELIVERABLE', 'I-DELIVERABLE', 'O', 'O', 'B-ROLE', 'O', 'O', 'O']",train,682
"['The', 'developer', 'shall', 'document', 'security', 'configuration', 'after', 'successful', 'testing.']","['O', 'B-ROLE', 'O', 'O', 'B-DELIVERABLE', 'I-DELIVERABLE', 'O', 'O', 'O']",train,683
"['Milestone', 'one', 'must', 'be', 'completed', 'by', '30', 'August', '2027.']","['B-DELIVERABLE', 'O', 'O', 'O', 'O', 'O', 'B-DEADLINE', 'I-DEADLINE', 'I-DEADLINE']",train,684
"['The', 'BluePeak', 'Labs', 'shall', 'pay', 'each', 'undisputed', 'invoice', 'within', 'five', 'business', 'days.']","['O', 'B-PARTY', 'I-PARTY', 'O', 'O', 'O', 'O', 'O', 'O', 'B-DURATION', 'I-DURATION', 'I-DURATION']",train,685
"['The', 'contractor', 'shall', 'provide', 'testing', 'report', 'every', 'month.']","['O', 'B-ROLE', 'O', 'O', 'B-DELIVERABLE', 'I-DELIVERABLE', 'O', 'B-DATE']",train,686
"['The', 'maintenance', 'period', 'begins', 'on', '5', 'January', '2027.']","['O', 'O', 'O', 'O', 'O', 'B-DATE', 'I-DATE', 'I-DATE']",train,687
"['The', 'PixelWorks', 'shall', 'approve', 'the', 'deployment', 'package', 'within', 'twelve', 'weeks.']","['O', 'B-PARTY', 'O', 'O', 'O', 'B-DELIVERABLE', 'I-DELIVERABLE', 'O', 'B-DURATION', 'I-DURATION']",train,688
"['The', 'freelance', 'developer', 'shall', 'return', 'web', 'application', 'within', 'five', 'business', 'days', 'after', 'termination.']","['O', 'B-ROLE', 'I-ROLE', 'O', 'O', 'B-DELIVERABLE', 'I-DELIVERABLE', 'O', 'B-DURATION', 'I-DURATION', 'I-DURATION', 'O', 'O']",train,689
"['The', 'NextGen', 'Systems', 'may', 'reject', 'a', 'backend', 'service', 'that', 'does', 'not', 'satisfy', 'the', 'agreed', 'specifications.']","['O', 'B-PARTY', 'I-PARTY', 'O', 'O', 'O', 'B-DELIVERABLE', 'I-DELIVERABLE', 'O', 'O', 'O', 'O', 'O', 'O', 'O']",train,690
"['The', 'software', 'developer', 'shall', 'not', 'disclose', 'the', 'prototype', 'to', 'any', 'third', 'party.']","['O', 'B-ROLE', 'I-ROLE', 'O', 'O', 'O', 'O', 'B-DELIVERABLE', 'O', 'O', 'B-PARTY', 'I-PARTY']",train,691
"['The', 'GreenByte', 'Ltd.', 'shall', 'provide', 'test', 'accounts', 'by', '1', 'June', '2027.']","['O', 'B-PARTY', 'I-PARTY', 'O', 'O', 'B-DELIVERABLE', 'I-DELIVERABLE', 'O', 'B-DEADLINE', 'I-DEADLINE', 'I-DEADLINE']",train,692
"['The', 'Delta', 'Apps', 'shall', 'provide', 'cloud', 'environment', 'to', 'the', 'software', 'engineer', 'before', 'development', 'begins.']","['O', 'B-PARTY', 'I-PARTY', 'O', 'O', 'B-DELIVERABLE', 'I-DELIVERABLE', 'O', 'O', 'B-ROLE', 'I-ROLE', 'O', 'O', 'O']",train,693
"['The', 'CodeCraft', 'Solutions', 'shall', 'approve', 'the', 'security', 'configuration', 'within', 'eight', 'weeks.']","['O', 'B-PARTY', 'I-PARTY', 'O', 'O', 'O', 'B-DELIVERABLE', 'I-DELIVERABLE', 'O', 'B-DURATION', 'I-DURATION']",train,694
"['The', 'development', 'team', 'shall', 'install', 'dependencies', 'during', 'the', 'maintenance', 'period.']","['O', 'B-ROLE', 'I-ROLE', 'O', 'O', 'B-DELIVERABLE', 'O', 'O', 'O', 'O']",train,695
"['The', 'software', 'engineer', 'shall', 'provide', 'defect', 'notice', 'at', 'least', 'six', 'months', 'before', 'termination.']","['O', 'B-ROLE', 'I-ROLE', 'O', 'O', 'B-NOTICE', 'I-NOTICE', 'O', 'O', 'B-DURATION', 'I-DURATION', 'O', 'O']",train,696
"['The', 'Zenith', 'Tech', 'shall', 'provide', 'test', 'accounts', 'by', '5', 'January', '2027.']","['O', 'B-PARTY', 'I-PARTY', 'O', 'O', 'B-DELIVERABLE', 'I-DELIVERABLE', 'O', 'B-DEADLINE', 'I-DEADLINE', 'I-DEADLINE']",train,697
"['The', 'freelance', 'developer', 'shall', 'provide', 'mobile', 'application', 'every', 'Friday.']","['O', 'B-ROLE', 'I-ROLE', 'O', 'O', 'B-DELIVERABLE', 'I-DELIVERABLE', 'O', 'B-DATE']",train,698
"['The', 'software', 'developer', 'must', 'configure', 'the', 'software', 'module', 'to', 'the', 'PixelWorks.']","['O', 'B-ROLE', 'I-ROLE', 'O', 'B-ACTION', 'O', 'B-DELIVERABLE', 'I-DELIVERABLE', 'O', 'O', 'B-PARTY']",train,699
"['The', 'Bright', 'Labs', 'shall', 'pay', 'the', 'outstanding', 'balance', 'within', 'six', 'weeks', 'after', 'termination.']","['O', 'B-PARTY', 'I-PARTY', 'O', 'O', 'O', 'O', 'B-PAYMENT', 'O', 'B-DURATION', 'I-DURATION', 'O', 'O']",train,700
"['Either', 'party', 'to', 'this', 'agreement', 'may', 'terminate', 'the', 'agreement', 'by', 'giving', 'three', 'months', 'written', 'notice.']","['O', 'B-PARTY', 'I-PARTY', 'I-PARTY', 'I-PARTY', 'O', 'O', 'O', 'O', 'O', 'O', 'B-DURATION', 'I-DURATION', 'O', 'O']",train,701
"['The', 'ABC', 'Technologies', 'shall', 'notify', 'the', 'other', 'party', 'of', 'a', 'renewal', 'request', 'at', 'least', 'one', 'year', 'before', 'expiry.']","['O', 'B-PARTY', 'I-PARTY', 'O', 'O', 'O', 'O', 'O', 'O', 'O', 'O', 'O', 'O', 'O', 'B-DEADLINE', 'I-DEADLINE', 'O', 'O']",train,702
"['Final', 'acceptance', 'shall', 'occur', 'within', 'ten', 'days', 'of', 'final', 'delivery.']","['O', 'O', 'O', 'O', 'O', 'B-DURATION', 'I-DURATION', 'O', 'O', 'O']",train,703
"['Karan', 'Singh', 'is', 'responsible', 'for', 'integrate', 'the', 'web', 'application.']","['B-PERSON', 'I-PERSON', 'O', 'O', 'O', 'B-ACTION', 'O', 'B-DELIVERABLE', 'I-DELIVERABLE']",train,704
"['The', 'developer', 'shall', 'provide', 'defect', 'notice', 'at', 'least', 'eight', 'weeks', 'before', 'termination.']","['O', 'B-ROLE', 'O', 'O', 'B-NOTICE', 'I-NOTICE', 'O', 'O', 'B-DURATION', 'I-DURATION', 'O', 'O']",train,705
"['The', 'Delta', 'Apps', 'shall', 'pay', 'the', 'outstanding', 'balance', 'within', 'one', 'year', 'after', 'termination.']","['O', 'B-PARTY', 'I-PARTY', 'O', 'O', 'O', 'O', 'B-PAYMENT', 'O', 'B-DURATION', 'I-DURATION', 'O', 'O']",train,706
"['The', 'development', 'team', 'shall', 'provide', 'user', 'interface', 'every', 'week.']","['O', 'B-ROLE', 'I-ROLE', 'O', 'O', 'B-DELIVERABLE', 'I-DELIVERABLE', 'O', 'B-DATE']",train,707
"['The', 'developer', 'shall', 'submit', 'web', 'application', 'to', 'Delta', 'Apps', 'on', '12', 'September', '2027.']","['O', 'B-ROLE', 'O', 'O', 'B-DELIVERABLE', 'I-DELIVERABLE', 'O', 'B-PARTY', 'I-PARTY', 'O', 'B-DATE', 'I-DATE', 'I-DATE']",train,708
"['The', 'contractor', 'shall', 'protect', 'confidential', 'information', 'received', 'from', 'the', 'Bright', 'Labs.']","['O', 'B-ROLE', 'O', 'O', 'B-DELIVERABLE', 'I-DELIVERABLE', 'O', 'O', 'O', 'B-PARTY', 'I-PARTY']",train,709
"['Ananya', 'Sen', 'is', 'responsible', 'for', 'document', 'the', 'prototype.']","['B-PERSON', 'I-PERSON', 'O', 'O', 'O', 'B-ACTION', 'O', 'B-DELIVERABLE']",train,710
"['The', 'developer', 'shall', 'provide', 'change', 'request', 'at', 'least', 'fourteen', 'days', 'before', 'termination.']","['O', 'B-ROLE', 'O', 'O', 'B-NOTICE', 'I-NOTICE', 'O', 'O', 'B-DURATION', 'I-DURATION', 'O', 'O']",train,711
"['The', 'Delta', 'Apps', 'shall', 'approve', 'the', 'testing', 'report', 'within', 'fourteen', 'days.']","['O', 'B-PARTY', 'I-PARTY', 'O', 'O', 'O', 'B-DELIVERABLE', 'I-DELIVERABLE', 'O', 'B-DURATION', 'I-DURATION']",train,712
"['The', 'developer', 'shall', 'provide', 'termination', 'notice', 'at', 'least', 'twelve', 'weeks', 'before', 'termination.']","['O', 'B-ROLE', 'O', 'O', 'B-NOTICE', 'I-NOTICE', 'O', 'O', 'B-DURATION', 'I-DURATION', 'O', 'O']",train,713
"['The', 'development', 'team', 'shall', 'document', 'API', 'integration', 'after', 'successful', 'testing.']","['O', 'B-ROLE', 'I-ROLE', 'O', 'O', 'B-DELIVERABLE', 'I-DELIVERABLE', 'O', 'O', 'O']",train,714
"['The', 'Zenith', 'Tech', 'may', 'reject', 'a', 'project', 'documentation', 'that', 'does', 'not', 'satisfy', 'the', 'agreed', 'specifications.']","['O', 'B-PARTY', 'I-PARTY', 'O', 'O', 'O', 'B-DELIVERABLE', 'I-DELIVERABLE', 'O', 'O', 'O', 'O', 'O', 'O', 'O']",train,715
"['ABC', 'Technologies', 'will', 'deliver', 'the', 'cloud', 'environment', 'after', 'client', 'acceptance.']","['B-PARTY', 'I-PARTY', 'O', 'B-ACTION', 'O', 'B-DELIVERABLE', 'I-DELIVERABLE', 'B-CONDITION', 'I-CONDITION', 'I-CONDITION']",train,716
"['The', 'BluePeak', 'Labs', 'shall', 'pay', 'the', 'technical', 'consultant', 'INR', '25,000', 'after', 'successful', 'testing.']","['O', 'B-PARTY', 'I-PARTY', 'O', 'O', 'O', 'B-ROLE', 'I-ROLE', 'B-AMOUNT', 'I-AMOUNT', 'B-CONDITION', 'I-CONDITION', 'I-CONDITION']",train,717
"['The', 'Delta', 'Apps', 'shall', 'make', 'the', 'second', 'installment', 'of', 'USD', '3,000', 'after', 'successful', 'testing.']","['O', 'B-PARTY', 'I-PARTY', 'O', 'O', 'O', 'B-PAYMENT', 'I-PAYMENT', 'O', 'B-AMOUNT', 'I-AMOUNT', 'B-CONDITION', 'I-CONDITION', 'I-CONDITION']",train,718
"['The', 'freelance', 'developer', 'shall', 'return', 'mobile', 'application', 'within', 'three', 'days', 'after', 'termination.']","['O', 'B-ROLE', 'I-ROLE', 'O', 'O', 'B-DELIVERABLE', 'I-DELIVERABLE', 'O', 'B-DURATION', 'I-DURATION', 'O', 'O']",train,719
"['The', 'agreement', 'shall', 'commence', 'on', '5', 'January', '2027', 'and', 'continue', 'for', 'three', 'days.']","['O', 'O', 'O', 'O', 'O', 'B-DATE', 'I-DATE', 'I-DATE', 'O', 'O', 'O', 'B-DURATION', 'I-DURATION']",train,720
"['Either', 'party', 'to', 'this', 'agreement', 'may', 'terminate', 'the', 'agreement', 'by', 'giving', 'three', 'days', 'written', 'notice.']","['O', 'B-PARTY', 'I-PARTY', 'I-PARTY', 'I-PARTY', 'O', 'O', 'O', 'O', 'O', 'O', 'B-DURATION', 'I-DURATION', 'O', 'O']",train,721
"['Final', 'acceptance', 'shall', 'occur', 'within', 'one', 'year', 'of', 'final', 'delivery.']","['O', 'O', 'O', 'O', 'O', 'B-DURATION', 'I-DURATION', 'O', 'O', 'O']",train,722
"['The', 'BluePeak', 'Labs', 'shall', 'configure', 'the', 'prototype', 'by', '20', 'May', '2027.']","['O', 'B-PARTY', 'I-PARTY', 'O', 'B-ACTION', 'O', 'B-DELIVERABLE', 'O', 'B-DEADLINE', 'I-DEADLINE', 'I-DEADLINE']",train,723
"['The', 'agreement', 'may', 'be', 'renewed', 'for', 'seven', 'days', 'by', 'mutual', 'written', 'consent.']","['O', 'O', 'O', 'O', 'O', 'O', 'B-DURATION', 'I-DURATION', 'O', 'O', 'O', 'O']",train,724
"['The', 'Apex', 'Software', 'shall', 'make', 'the', 'final', 'installment', 'of', 'INR', '25,000', 'after', 'successful', 'testing.']","['O', 'B-PARTY', 'I-PARTY', 'O', 'O', 'O', 'B-PAYMENT', 'I-PAYMENT', 'O', 'B-AMOUNT', 'I-AMOUNT', 'B-CONDITION', 'I-CONDITION', 'I-CONDITION']",train,725
"['The', 'software', 'engineer', 'shall', 'complete', 'database', 'schema', 'no', 'later', 'than', '15', 'July', '2027.']","['O', 'B-ROLE', 'I-ROLE', 'O', 'O', 'B-DELIVERABLE', 'I-DELIVERABLE', 'O', 'O', 'O', 'B-DEADLINE', 'I-DEADLINE', 'I-DEADLINE']",train,726
"['The', 'NextGen', 'Systems', 'shall', 'pay', 'the', 'outstanding', 'balance', 'within', 'three', 'days', 'after', 'termination.']","['O', 'B-PARTY', 'I-PARTY', 'O', 'O', 'O', 'O', 'B-PAYMENT', 'O', 'B-DURATION', 'I-DURATION', 'O', 'O']",train,727
"['The', 'developer', 'shall', 'retain', 'prototype', 'for', 'three', 'months.']","['O', 'B-ROLE', 'O', 'O', 'B-DELIVERABLE', 'O', 'B-DURATION', 'I-DURATION']",train,728
"['The', 'contractor', 'shall', 'provide', 'the', 'prototype.']","['O', 'B-ROLE', 'O', 'B-ACTION', 'O', 'B-DELIVERABLE']",train,729
"['The', 'NovaSoft', 'Solutions', 'shall', 'nominate', 'a', 'project', 'manager', 'for', 'the', 'engagement.']","['O', 'B-PARTY', 'I-PARTY', 'O', 'O', 'O', 'B-ROLE', 'I-ROLE', 'O', 'O', 'O']",train,730
"['The', 'technical', 'documentation', 'shall', 'be', 'delivered', 'no', 'later', 'than', '15', 'July', '2027.']","['O', 'B-DELIVERABLE', 'I-DELIVERABLE', 'O', 'O', 'O', 'O', 'O', 'O', 'B-DEADLINE', 'I-DEADLINE', 'I-DEADLINE']",train,731
"['Aditya', 'Nair', 'shall', 'integrate', 'the', 'mobile', 'application', 'within', 'six', 'weeks.']","['B-PERSON', 'I-PERSON', 'O', 'B-ACTION', 'O', 'B-DELIVERABLE', 'I-DELIVERABLE', 'O', 'B-DURATION', 'I-DURATION']",train,732
"['The', 'project', 'documentation', 'shall', 'be', 'delivered', 'no', 'later', 'than', '20', 'May', '2027.']","['O', 'B-DELIVERABLE', 'I-DELIVERABLE', 'O', 'O', 'O', 'O', 'O', 'O', 'B-DEADLINE', 'I-DEADLINE', 'I-DEADLINE']",train,733
"['The', 'PixelWorks', 'shall', 'review', 'web', 'application', 'on', '1', 'June', '2027.']","['O', 'B-PARTY', 'O', 'O', 'B-DELIVERABLE', 'I-DELIVERABLE', 'O', 'B-DATE', 'I-DATE', 'I-DATE']",train,734
"['The', 'Apex', 'Software', 'shall', 'approve', 'the', 'user', 'interface', 'within', 'twelve', 'weeks.']","['O', 'B-PARTY', 'I-PARTY', 'O', 'O', 'O', 'B-DELIVERABLE', 'I-DELIVERABLE', 'O', 'B-DURATION', 'I-DURATION']",train,735
"['The', 'cloud', 'environment', 'shall', 'be', 'delivered', 'no', 'later', 'than', '10', 'April', '2027.']","['O', 'B-DELIVERABLE', 'I-DELIVERABLE', 'O', 'O', 'O', 'O', 'O', 'O', 'B-DEADLINE', 'I-DEADLINE', 'I-DEADLINE']",train,736
"['The', 'developer', 'shall', 'respond', 'to', 'source', 'code', 'within', 'seven', 'days.']","['O', 'B-ROLE', 'O', 'O', 'O', 'B-DELIVERABLE', 'I-DELIVERABLE', 'O', 'B-DURATION', 'I-DURATION']",train,737
"['The', 'freelance', 'developer', 'shall', 'deliver', 'the', 'cloud', 'environment.']","['O', 'B-ROLE', 'I-ROLE', 'O', 'B-ACTION', 'O', 'B-DELIVERABLE', 'I-DELIVERABLE']",train,738
"['The', 'total', 'contract', 'value', 'is', 'INR', '75,000.']","['O', 'O', 'B-PAYMENT', 'I-PAYMENT', 'O', 'B-AMOUNT', 'I-AMOUNT']",train,739
"['The', 'Zenith', 'Tech', 'shall', 'update', 'the', 'testing', 'report', 'by', '12', 'September', '2027.']","['O', 'B-PARTY', 'I-PARTY', 'O', 'B-ACTION', 'O', 'B-DELIVERABLE', 'I-DELIVERABLE', 'O', 'B-DEADLINE', 'I-DEADLINE', 'I-DEADLINE']",train,740
"['The', 'Orion', 'Systems', 'shall', 'make', 'the', 'milestone', 'payment', 'of', 'INR', '100,000', 'after', 'termination.']","['O', 'B-PARTY', 'I-PARTY', 'O', 'O', 'O', 'B-PAYMENT', 'I-PAYMENT', 'O', 'B-AMOUNT', 'I-AMOUNT', 'B-CONDITION', 'I-CONDITION']",train,741
"['The', 'ABC', 'Technologies', 'shall', 'pay', 'the', 'outstanding', 'balance', 'within', 'twelve', 'weeks', 'after', 'termination.']","['O', 'B-PARTY', 'I-PARTY', 'O', 'O', 'O', 'O', 'B-PAYMENT', 'O', 'B-DURATION', 'I-DURATION', 'O', 'O']",train,742
"['ABC', 'Technologies', 'will', 'update', 'the', 'cloud', 'environment', 'after', 'successful', 'testing.']","['B-PARTY', 'I-PARTY', 'O', 'B-ACTION', 'O', 'B-DELIVERABLE', 'I-DELIVERABLE', 'B-CONDITION', 'I-CONDITION', 'I-CONDITION']",train,743
"['The', 'project', 'fee', 'is', 'INR', '100,000', 'and', 'shall', 'be', 'paid', 'before', 'development', 'begins.']","['O', 'O', 'O', 'O', 'B-AMOUNT', 'I-AMOUNT', 'O', 'O', 'O', 'O', 'B-CONDITION', 'I-CONDITION', 'I-CONDITION']",train,744
"['The', 'contractor', 'shall', 'install', 'software', 'patches', 'during', 'the', 'maintenance', 'period.']","['O', 'B-ROLE', 'O', 'O', 'B-DELIVERABLE', 'I-DELIVERABLE', 'O', 'O', 'O', 'O']",train,745
"['The', 'NovaSoft', 'Solutions', 'shall', 'pay', 'each', 'undisputed', 'invoice', 'within', 'ten', 'days.']","['O', 'B-PARTY', 'I-PARTY', 'O', 'O', 'O', 'O', 'O', 'O', 'B-DURATION', 'I-DURATION']",train,746
"['The', 'backend', 'service', 'shall', 'be', 'delivered', 'no', 'later', 'than', '15', 'February', '2027.']","['O', 'B-DELIVERABLE', 'I-DELIVERABLE', 'O', 'O', 'O', 'O', 'O', 'O', 'B-DEADLINE', 'I-DEADLINE', 'I-DEADLINE']",train,747
"['The', 'software', 'engineer', 'must', 'document', 'the', 'cloud', 'environment', 'to', 'the', 'PixelWorks.']","['O', 'B-ROLE', 'I-ROLE', 'O', 'B-ACTION', 'O', 'B-DELIVERABLE', 'I-DELIVERABLE', 'O', 'O', 'B-PARTY']",train,748
"['The', 'freelance', 'developer', 'shall', 'protect', 'confidential', 'information', 'received', 'from', 'the', 'BluePeak', 'Labs.']","['O', 'B-ROLE', 'I-ROLE', 'O', 'O', 'B-DELIVERABLE', 'I-DELIVERABLE', 'O', 'O', 'O', 'B-PARTY', 'I-PARTY']",train,749
"['The', 'developer', 'shall', 'submit', 'API', 'integration', 'to', 'PixelWorks', 'on', '20', 'May', '2027.']","['O', 'B-ROLE', 'O', 'O', 'B-DELIVERABLE', 'I-DELIVERABLE', 'O', 'B-PARTY', 'O', 'B-DATE', 'I-DATE', 'I-DATE']",train,750
"['The', 'project', 'fee', 'is', 'USD', '5,000', 'and', 'shall', 'be', 'paid', 'upon', 'receipt', 'of', 'written', 'approval.']","['O', 'O', 'O', 'O', 'B-AMOUNT', 'I-AMOUNT', 'O', 'O', 'O', 'O', 'B-CONDITION', 'I-CONDITION', 'I-CONDITION', 'I-CONDITION', 'I-CONDITION']",train,751
"['The', 'project', 'fee', 'is', 'USD', '8,500', 'and', 'shall', 'be', 'paid', 'after', 'client', 'acceptance.']","['O', 'O', 'O', 'O', 'B-AMOUNT', 'I-AMOUNT', 'O', 'O', 'O', 'O', 'B-CONDITION', 'I-CONDITION', 'I-CONDITION']",train,752
"['The', 'parties', 'shall', 'conduct', 'a', 'final', 'review', 'before', 'development', 'begins.']","['O', 'O', 'O', 'O', 'O', 'B-DELIVERABLE', 'I-DELIVERABLE', 'B-CONDITION', 'I-CONDITION', 'I-CONDITION']",train,753
"['The', 'testing', 'report', 'shall', 'be', 'delivered', 'no', 'later', 'than', '10', 'April', '2027.']","['O', 'B-DELIVERABLE', 'I-DELIVERABLE', 'O', 'O', 'O', 'O', 'O', 'O', 'B-DEADLINE', 'I-DEADLINE', 'I-DEADLINE']",train,754
"['The', 'freelance', 'developer', 'shall', 'provide', 'prototype', 'every', 'month.']","['O', 'B-ROLE', 'I-ROLE', 'O', 'O', 'B-DELIVERABLE', 'O', 'B-DATE']",train,755
"['The', 'NovaSoft', 'Solutions', 'shall', 'provide', 'API', 'keys', 'by', '25', 'October', '2027.']","['O', 'B-PARTY', 'I-PARTY', 'O', 'O', 'B-DELIVERABLE', 'I-DELIVERABLE', 'O', 'B-DEADLINE', 'I-DEADLINE', 'I-DEADLINE']",train,756
"['The', 'Zenith', 'Tech', 'shall', 'notify', 'the', 'other', 'party', 'of', 'a', 'renewal', 'request', 'at', 'least', 'thirty', 'days', 'before', 'expiry.']","['O', 'B-PARTY', 'I-PARTY', 'O', 'O', 'O', 'O', 'O', 'O', 'O', 'O', 'O', 'O', 'O', 'B-DEADLINE', 'I-DEADLINE', 'O', 'O']",train,757
"['The', 'parties', 'shall', 'conduct', 'a', 'final', 'review', 'after', 'client', 'acceptance.']","['O', 'O', 'O', 'O', 'O', 'B-DELIVERABLE', 'I-DELIVERABLE', 'B-CONDITION', 'I-CONDITION', 'I-CONDITION']",train,758
"['The', 'PixelWorks', 'may', 'configure', 'the', 'backend', 'service', 'after', 'after', 'termination.']","['O', 'B-PARTY', 'O', 'B-ACTION', 'O', 'B-DELIVERABLE', 'I-DELIVERABLE', 'O', 'B-CONDITION', 'I-CONDITION']",train,759
"['The', 'agreement', 'shall', 'commence', 'on', '10', 'April', '2027', 'and', 'continue', 'for', 'three', 'months.']","['O', 'O', 'O', 'O', 'O', 'B-DATE', 'I-DATE', 'I-DATE', 'O', 'O', 'O', 'B-DURATION', 'I-DURATION']",train,760
"['The', 'developer', 'shall', 'correct', 'failed', 'tests', 'within', 'six', 'months.']","['O', 'B-ROLE', 'O', 'O', 'B-DELIVERABLE', 'I-DELIVERABLE', 'O', 'B-DURATION', 'I-DURATION']",train,761
"['The', 'contractor', 'shall', 'provide', 'prototype', 'every', 'week.']","['O', 'B-ROLE', 'O', 'O', 'B-DELIVERABLE', 'O', 'B-DATE']",train,762
"['The', 'BluePeak', 'Labs', 'shall', 'pay', 'the', 'contractor', 'USD', '1,500', 'upon', 'signing.']","['O', 'B-PARTY', 'I-PARTY', 'O', 'O', 'O', 'B-ROLE', 'B-AMOUNT', 'I-AMOUNT', 'B-CONDITION', 'I-CONDITION']",train,763
"['The', 'agreement', 'shall', 'commence', 'on', '10', 'April', '2027', 'and', 'continue', 'for', 'three', 'days.']","['O', 'O', 'O', 'O', 'O', 'B-DATE', 'I-DATE', 'I-DATE', 'O', 'O', 'O', 'B-DURATION', 'I-DURATION']",train,764
"['The', 'PixelWorks', 'shall', 'provide', 'technical', 'specifications', 'by', '15', 'February', '2027.']","['O', 'B-PARTY', 'O', 'O', 'B-DELIVERABLE', 'I-DELIVERABLE', 'O', 'B-DEADLINE', 'I-DEADLINE', 'I-DEADLINE']",train,765
"['NovaSoft', 'Solutions', 'will', 'build', 'the', 'API', 'integration', 'after', 'termination.']","['B-PARTY', 'I-PARTY', 'O', 'B-ACTION', 'O', 'B-DELIVERABLE', 'I-DELIVERABLE', 'B-CONDITION', 'I-CONDITION']",train,766
"['The', 'NovaSoft', 'Solutions', 'shall', 'provide', 'technical', 'specifications', 'by', '28', 'March', '2027.']","['O', 'B-PARTY', 'I-PARTY', 'O', 'O', 'B-DELIVERABLE', 'I-DELIVERABLE', 'O', 'B-DEADLINE', 'I-DEADLINE', 'I-DEADLINE']",train,767
"['Priya', 'Mehta', 'is', 'responsible', 'for', 'maintain', 'the', 'user', 'interface.']","['B-PERSON', 'I-PERSON', 'O', 'O', 'O', 'B-ACTION', 'O', 'B-DELIVERABLE', 'I-DELIVERABLE']",train,768
"['The', 'software', 'developer', 'shall', 'configure', 'the', 'testing', 'environment', 'before', 'deployment.']","['O', 'B-ROLE', 'I-ROLE', 'O', 'O', 'O', 'B-DELIVERABLE', 'I-DELIVERABLE', 'O', 'O']",train,769
"['The', 'Vertex', 'Digital', 'may', 'integrate', 'the', 'API', 'integration', 'after', 'after', 'client', 'acceptance.']","['O', 'B-PARTY', 'I-PARTY', 'O', 'B-ACTION', 'O', 'B-DELIVERABLE', 'I-DELIVERABLE', 'O', 'B-CONDITION', 'I-CONDITION', 'I-CONDITION']",train,770
"['The', 'technical', 'documentation', 'shall', 'be', 'delivered', 'no', 'later', 'than', '20', 'May', '2027.']","['O', 'B-DELIVERABLE', 'I-DELIVERABLE', 'O', 'O', 'O', 'O', 'O', 'O', 'B-DEADLINE', 'I-DEADLINE', 'I-DEADLINE']",train,771
"['The', 'Orion', 'Systems', 'owns', 'the', 'database', 'schema', 'after', 'full', 'payment.']","['O', 'B-PARTY', 'I-PARTY', 'O', 'O', 'B-DELIVERABLE', 'I-DELIVERABLE', 'O', 'B-CONDITION', 'I-CONDITION']",train,772
"['The', 'CloudNine', 'Technologies', 'shall', 'pay', 'each', 'undisputed', 'invoice', 'within', 'five', 'business', 'days.']","['O', 'B-PARTY', 'I-PARTY', 'O', 'O', 'O', 'O', 'O', 'O', 'B-DURATION', 'I-DURATION', 'I-DURATION']",train,773
"['The', 'development', 'team', 'shall', 'install', 'security', 'updates', 'during', 'the', 'maintenance', 'period.']","['O', 'B-ROLE', 'I-ROLE', 'O', 'O', 'B-DELIVERABLE', 'I-DELIVERABLE', 'O', 'O', 'O', 'O']",train,774
"['The', 'software', 'engineer', 'shall', 'provide', 'the', 'web', 'application.']","['O', 'B-ROLE', 'I-ROLE', 'O', 'B-ACTION', 'O', 'B-DELIVERABLE', 'I-DELIVERABLE']",train,775
"['The', 'Orion', 'Systems', 'owns', 'the', 'source', 'code', 'after', 'full', 'payment.']","['O', 'B-PARTY', 'I-PARTY', 'O', 'O', 'B-DELIVERABLE', 'I-DELIVERABLE', 'O', 'B-CONDITION', 'I-CONDITION']",train,776
"['The', 'agreement', 'shall', 'commence', 'on', '15', 'February', '2027', 'and', 'continue', 'for', 'twelve', 'weeks.']","['O', 'O', 'O', 'O', 'O', 'B-DATE', 'I-DATE', 'I-DATE', 'O', 'O', 'O', 'B-DURATION', 'I-DURATION']",train,777
"['The', 'development', 'team', 'shall', 'return', 'API', 'integration', 'within', 'six', 'weeks', 'after', 'termination.']","['O', 'B-ROLE', 'I-ROLE', 'O', 'O', 'B-DELIVERABLE', 'I-DELIVERABLE', 'O', 'B-DURATION', 'I-DURATION', 'O', 'O']",train,778
"['The', 'contractor', 'shall', 'implement', 'the', 'testing', 'report.']","['O', 'B-ROLE', 'O', 'B-ACTION', 'O', 'B-DELIVERABLE', 'I-DELIVERABLE']",train,779
"['The', 'GreenByte', 'Ltd.', 'shall', 'correct', 'the', 'prototype', 'by', '5', 'January', '2027.']","['O', 'B-PARTY', 'I-PARTY', 'O', 'B-ACTION', 'O', 'B-DELIVERABLE', 'O', 'B-DEADLINE', 'I-DEADLINE', 'I-DEADLINE']",train,780
"['The', 'developer', 'shall', 'respond', 'to', 'project', 'documentation', 'within', 'five', 'business', 'days.']","['O', 'B-ROLE', 'O', 'O', 'O', 'B-DELIVERABLE', 'I-DELIVERABLE', 'O', 'B-DURATION', 'I-DURATION', 'I-DURATION']",train,781
"['Milestone', 'one', 'must', 'be', 'completed', 'by', '15', 'February', '2027.']","['B-DELIVERABLE', 'O', 'O', 'O', 'O', 'O', 'B-DEADLINE', 'I-DEADLINE', 'I-DEADLINE']",train,782
"['The', 'software', 'developer', 'must', 'document', 'the', 'web', 'application', 'to', 'the', 'CloudNine', 'Technologies.']","['O', 'B-ROLE', 'I-ROLE', 'O', 'B-ACTION', 'O', 'B-DELIVERABLE', 'I-DELIVERABLE', 'O', 'O', 'B-PARTY', 'I-PARTY']",train,783
"['The', 'ABC', 'Technologies', 'owns', 'the', 'mobile', 'application', 'after', 'full', 'payment.']","['O', 'B-PARTY', 'I-PARTY', 'O', 'O', 'B-DELIVERABLE', 'I-DELIVERABLE', 'O', 'B-CONDITION', 'I-CONDITION']",train,784
"['The', 'Vertex', 'Digital', 'shall', 'notify', 'the', 'other', 'party', 'of', 'a', 'renewal', 'request', 'at', 'least', 'six', 'months', 'before', 'expiry.']","['O', 'B-PARTY', 'I-PARTY', 'O', 'O', 'O', 'O', 'O', 'O', 'O', 'O', 'O', 'O', 'O', 'B-DEADLINE', 'I-DEADLINE', 'O', 'O']",train,785
"['The', 'developer', 'shall', 'correct', 'errors', 'within', 'twelve', 'weeks.']","['O', 'B-ROLE', 'O', 'O', 'B-DELIVERABLE', 'O', 'B-DURATION', 'I-DURATION']",train,786
"['The', 'software', 'engineer', 'shall', 'protect', 'confidential', 'information', 'received', 'from', 'the', 'ABC', 'Technologies.']","['O', 'B-ROLE', 'I-ROLE', 'O', 'O', 'B-DELIVERABLE', 'I-DELIVERABLE', 'O', 'O', 'O', 'B-PARTY', 'I-PARTY']",train,787
"['The', 'NovaSoft', 'Solutions', 'owns', 'the', 'deployment', 'package', 'after', 'full', 'payment.']","['O', 'B-PARTY', 'I-PARTY', 'O', 'O', 'B-DELIVERABLE', 'I-DELIVERABLE', 'O', 'B-CONDITION', 'I-CONDITION']",train,788
"['The', 'contractor', 'shall', 'submit', 'security', 'configuration', 'to', 'Delta', 'Apps', 'on', '30', 'November', '2027.']","['O', 'B-ROLE', 'O', 'O', 'B-DELIVERABLE', 'I-DELIVERABLE', 'O', 'B-PARTY', 'I-PARTY', 'O', 'B-DATE', 'I-DATE', 'I-DATE']",train,789
"['The', 'contractor', 'shall', 'provide', 'technical', 'documentation', 'every', 'Friday.']","['O', 'B-ROLE', 'O', 'O', 'B-DELIVERABLE', 'I-DELIVERABLE', 'O', 'B-DATE']",train,790
"['The', 'CodeCraft', 'Solutions', 'may', 'reject', 'a', 'cloud', 'environment', 'that', 'does', 'not', 'satisfy', 'the', 'agreed', 'specifications.']","['O', 'B-PARTY', 'I-PARTY', 'O', 'O', 'O', 'B-DELIVERABLE', 'I-DELIVERABLE', 'O', 'O', 'O', 'O', 'O', 'O', 'O']",train,791
"['The', 'Bright', 'Labs', 'may', 'reject', 'a', 'prototype', 'that', 'does', 'not', 'satisfy', 'the', 'agreed', 'specifications.']","['O', 'B-PARTY', 'I-PARTY', 'O', 'O', 'O', 'B-DELIVERABLE', 'O', 'O', 'O', 'O', 'O', 'O', 'O']",train,792
"['The', 'PixelWorks', 'shall', 'pay', 'the', 'software', 'developer', 'USD', '1,500', 'before', 'development', 'begins.']","['O', 'B-PARTY', 'O', 'O', 'O', 'B-ROLE', 'I-ROLE', 'B-AMOUNT', 'I-AMOUNT', 'B-CONDITION', 'I-CONDITION', 'I-CONDITION']",train,793
"['The', 'technical', 'consultant', 'shall', 'submit', 'source', 'code', 'to', 'Vertex', 'Digital', 'on', '30', 'November', '2027.']","['O', 'B-ROLE', 'I-ROLE', 'O', 'O', 'B-DELIVERABLE', 'I-DELIVERABLE', 'O', 'B-PARTY', 'I-PARTY', 'O', 'B-DATE', 'I-DATE', 'I-DATE']",train,794
"['The', 'freelance', 'developer', 'shall', 'correct', 'rejected', 'work', 'within', 'seven', 'days.']","['O', 'B-ROLE', 'I-ROLE', 'O', 'O', 'B-DELIVERABLE', 'I-DELIVERABLE', 'O', 'B-DURATION', 'I-DURATION']",train,795
"['Zenith', 'Tech', 'will', 'deploy', 'the', 'source', 'code', 'after', 'final', 'delivery.']","['B-PARTY', 'I-PARTY', 'O', 'B-ACTION', 'O', 'B-DELIVERABLE', 'I-DELIVERABLE', 'B-CONDITION', 'I-CONDITION', 'I-CONDITION']",train,796
"['The', 'BluePeak', 'Labs', 'shall', 'provide', 'cloud', 'environment', 'to', 'the', 'software', 'engineer', 'before', 'development', 'begins.']","['O', 'B-PARTY', 'I-PARTY', 'O', 'O', 'B-DELIVERABLE', 'I-DELIVERABLE', 'O', 'O', 'B-ROLE', 'I-ROLE', 'O', 'O', 'O']",train,797
"['The', 'agreement', 'shall', 'commence', 'on', '15', 'February', '2027', 'and', 'continue', 'for', 'fourteen', 'days.']","['O', 'O', 'O', 'O', 'O', 'B-DATE', 'I-DATE', 'I-DATE', 'O', 'O', 'O', 'B-DURATION', 'I-DURATION']",train,798
"['The', 'database', 'schema', 'shall', 'be', 'delivered', 'no', 'later', 'than', '30', 'August', '2027.']","['O', 'B-DELIVERABLE', 'I-DELIVERABLE', 'O', 'O', 'O', 'O', 'O', 'O', 'B-DEADLINE', 'I-DEADLINE', 'I-DEADLINE']",train,799
"['Priya', 'Mehta', 'is', 'responsible', 'for', 'test', 'the', 'deployment', 'package.']","['B-PERSON', 'I-PERSON', 'O', 'O', 'O', 'B-ACTION', 'O', 'B-DELIVERABLE', 'I-DELIVERABLE']",train,800
"['The', 'Delta', 'Apps', 'shall', 'notify', 'the', 'other', 'party', 'of', 'a', 'renewal', 'request', 'at', 'least', 'six', 'months', 'before', 'expiry.']","['O', 'B-PARTY', 'I-PARTY', 'O', 'O', 'O', 'O', 'O', 'O', 'O', 'O', 'O', 'O', 'O', 'B-DEADLINE', 'I-DEADLINE', 'O', 'O']",train,801
"['The', 'Apex', 'Software', 'owns', 'the', 'testing', 'report', 'after', 'full', 'payment.']","['O', 'B-PARTY', 'I-PARTY', 'O', 'O', 'B-DELIVERABLE', 'I-DELIVERABLE', 'O', 'B-CONDITION', 'I-CONDITION']",train,802
"['The', 'Delta', 'Apps', 'shall', 'pay', 'the', 'freelance', 'developer', 'INR', '100,000', 'upon', 'signing.']","['O', 'B-PARTY', 'I-PARTY', 'O', 'O', 'O', 'B-ROLE', 'I-ROLE', 'B-AMOUNT', 'I-AMOUNT', 'B-CONDITION', 'I-CONDITION']",train,803
"['The', 'GreenByte', 'Ltd.', 'shall', 'integrate', 'the', 'user', 'interface', 'by', '1', 'June', '2027.']","['O', 'B-PARTY', 'I-PARTY', 'O', 'B-ACTION', 'O', 'B-DELIVERABLE', 'I-DELIVERABLE', 'O', 'B-DEADLINE', 'I-DEADLINE', 'I-DEADLINE']",train,804
"['The', 'development', 'team', 'shall', 'deploy', 'the', 'API', 'integration.']","['O', 'B-ROLE', 'I-ROLE', 'O', 'B-ACTION', 'O', 'B-DELIVERABLE', 'I-DELIVERABLE']",train,805
"['The', 'technical', 'consultant', 'shall', 'provide', 'deployment', 'package', 'every', 'Friday.']","['O', 'B-ROLE', 'I-ROLE', 'O', 'O', 'B-DELIVERABLE', 'I-DELIVERABLE', 'O', 'B-DATE']",train,806
"['The', 'NovaSoft', 'Solutions', 'shall', 'pay', 'the', 'contractor', 'USD', '1,500', 'after', 'client', 'acceptance.']","['O', 'B-PARTY', 'I-PARTY', 'O', 'O', 'O', 'B-ROLE', 'B-AMOUNT', 'I-AMOUNT', 'B-CONDITION', 'I-CONDITION', 'I-CONDITION']",train,807
"['The', 'Delta', 'Apps', 'may', 'reject', 'a', 'technical', 'documentation', 'that', 'does', 'not', 'satisfy', 'the', 'agreed', 'specifications.']","['O', 'B-PARTY', 'I-PARTY', 'O', 'O', 'O', 'B-DELIVERABLE', 'I-DELIVERABLE', 'O', 'O', 'O', 'O', 'O', 'O', 'O']",train,808
"['The', 'PixelWorks', 'shall', 'provide', 'test', 'accounts', 'by', '1', 'June', '2027.']","['O', 'B-PARTY', 'O', 'O', 'B-DELIVERABLE', 'I-DELIVERABLE', 'O', 'B-DEADLINE', 'I-DEADLINE', 'I-DEADLINE']",train,809
"['GreenByte', 'Ltd.', 'will', 'build', 'the', 'mobile', 'application', 'after', 'client', 'acceptance.']","['B-PARTY', 'I-PARTY', 'O', 'B-ACTION', 'O', 'B-DELIVERABLE', 'I-DELIVERABLE', 'B-CONDITION', 'I-CONDITION', 'I-CONDITION']",train,810
"['The', 'agreement', 'may', 'be', 'renewed', 'for', 'fourteen', 'days', 'by', 'mutual', 'written', 'consent.']","['O', 'O', 'O', 'O', 'O', 'O', 'B-DURATION', 'I-DURATION', 'O', 'O', 'O', 'O']",train,811
"['The', 'developer', 'shall', 'complete', 'cloud', 'environment', 'no', 'later', 'than', '15', 'July', '2027.']","['O', 'B-ROLE', 'O', 'O', 'B-DELIVERABLE', 'I-DELIVERABLE', 'O', 'O', 'O', 'B-DEADLINE', 'I-DEADLINE', 'I-DEADLINE']",train,812
"['Final', 'acceptance', 'shall', 'occur', 'within', 'eight', 'weeks', 'of', 'final', 'delivery.']","['O', 'O', 'O', 'O', 'O', 'B-DURATION', 'I-DURATION', 'O', 'O', 'O']",train,813
"['The', 'PixelWorks', 'shall', 'approve', 'the', 'cloud', 'environment', 'within', 'seven', 'days.']","['O', 'B-PARTY', 'O', 'O', 'O', 'B-DELIVERABLE', 'I-DELIVERABLE', 'O', 'B-DURATION', 'I-DURATION']",train,814
"['The', 'CloudNine', 'Technologies', 'may', 'test', 'the', 'deployment', 'package', 'after', 'upon', 'signing.']","['O', 'B-PARTY', 'I-PARTY', 'O', 'B-ACTION', 'O', 'B-DELIVERABLE', 'I-DELIVERABLE', 'O', 'B-CONDITION', 'I-CONDITION']",train,815
"['The', 'agreement', 'shall', 'commence', 'on', '15', 'December', '2027', 'and', 'continue', 'for', 'eight', 'weeks.']","['O', 'O', 'O', 'O', 'O', 'B-DATE', 'I-DATE', 'I-DATE', 'O', 'O', 'O', 'B-DURATION', 'I-DURATION']",train,816
"['The', 'Apex', 'Software', 'shall', 'nominate', 'a', 'project', 'manager', 'for', 'the', 'engagement.']","['O', 'B-PARTY', 'I-PARTY', 'O', 'O', 'O', 'B-ROLE', 'I-ROLE', 'O', 'O', 'O']",train,817
"['The', 'project', 'fee', 'is', 'INR', '75,000', 'and', 'shall', 'be', 'paid', 'upon', 'receipt', 'of', 'written', 'approval.']","['O', 'O', 'O', 'O', 'B-AMOUNT', 'I-AMOUNT', 'O', 'O', 'O', 'O', 'B-CONDITION', 'I-CONDITION', 'I-CONDITION', 'I-CONDITION', 'I-CONDITION']",train,818
"['The', 'software', 'engineer', 'must', 'build', 'the', 'project', 'documentation', 'to', 'the', 'Apex', 'Software.']","['O', 'B-ROLE', 'I-ROLE', 'O', 'B-ACTION', 'O', 'B-DELIVERABLE', 'I-DELIVERABLE', 'O', 'O', 'B-PARTY', 'I-PARTY']",train,819
"['The', 'software', 'developer', 'shall', 'build', 'the', 'security', 'configuration.']","['O', 'B-ROLE', 'I-ROLE', 'O', 'B-ACTION', 'O', 'B-DELIVERABLE', 'I-DELIVERABLE']",train,820
"['The', 'freelance', 'developer', 'shall', 'provide', 'source', 'code', 'every', 'month.']","['O', 'B-ROLE', 'I-ROLE', 'O', 'O', 'B-DELIVERABLE', 'I-DELIVERABLE', 'O', 'B-DATE']",train,821
"['The', 'contractor', 'shall', 'submit', 'backend', 'service', 'to', 'CloudNine', 'Technologies', 'on', '15', 'February', '2027.']","['O', 'B-ROLE', 'O', 'O', 'B-DELIVERABLE', 'I-DELIVERABLE', 'O', 'B-PARTY', 'I-PARTY', 'O', 'B-DATE', 'I-DATE', 'I-DATE']",train,822
"['The', 'Bright', 'Labs', 'shall', 'provide', 'database', 'schema', 'to', 'the', 'software', 'engineer', 'before', 'development', 'begins.']","['O', 'B-PARTY', 'I-PARTY', 'O', 'O', 'B-DELIVERABLE', 'I-DELIVERABLE', 'O', 'O', 'B-ROLE', 'I-ROLE', 'O', 'O', 'O']",train,823
"['The', 'Apex', 'Software', 'may', 'integrate', 'the', 'cloud', 'environment', 'after', 'upon', 'receipt', 'of', 'written', 'approval.']","['O', 'B-PARTY', 'I-PARTY', 'O', 'B-ACTION', 'O', 'B-DELIVERABLE', 'I-DELIVERABLE', 'O', 'B-CONDITION', 'I-CONDITION', 'I-CONDITION', 'I-CONDITION', 'I-CONDITION']",train,824
"['The', 'parties', 'shall', 'conduct', 'a', 'final', 'review', 'upon', 'signing.']","['O', 'O', 'O', 'O', 'O', 'B-DELIVERABLE', 'I-DELIVERABLE', 'B-CONDITION', 'I-CONDITION']",train,825
"['PixelWorks', 'will', 'correct', 'the', 'prototype', 'after', 'termination.']","['B-PARTY', 'O', 'B-ACTION', 'O', 'B-DELIVERABLE', 'B-CONDITION', 'I-CONDITION']",train,826
"['The', 'agreement', 'shall', 'expire', 'on', '20', 'May', '2027.']","['O', 'O', 'O', 'O', 'O', 'B-DATE', 'I-DATE', 'I-DATE']",train,827
"['The', 'GreenByte', 'Ltd.', 'shall', 'make', 'the', 'second', 'installment', 'of', 'INR', '150,000', 'before', 'development', 'begins.']","['O', 'B-PARTY', 'I-PARTY', 'O', 'O', 'O', 'B-PAYMENT', 'I-PAYMENT', 'O', 'B-AMOUNT', 'I-AMOUNT', 'B-CONDITION', 'I-CONDITION', 'I-CONDITION']",train,828
"['The', 'NextGen', 'Systems', 'shall', 'pay', 'the', 'outstanding', 'balance', 'within', 'six', 'weeks', 'after', 'termination.']","['O', 'B-PARTY', 'I-PARTY', 'O', 'O', 'O', 'O', 'B-PAYMENT', 'O', 'B-DURATION', 'I-DURATION', 'O', 'O']",train,829
"['The', 'Orion', 'Systems', 'shall', 'provide', 'testing', 'report', 'to', 'the', 'freelance', 'developer', 'before', 'development', 'begins.']","['O', 'B-PARTY', 'I-PARTY', 'O', 'O', 'B-DELIVERABLE', 'I-DELIVERABLE', 'O', 'O', 'B-ROLE', 'I-ROLE', 'O', 'O', 'O']",train,830
"['The', 'parties', 'shall', 'conduct', 'a', 'final', 'review', 'after', 'successful', 'testing.']","['O', 'O', 'O', 'O', 'O', 'B-DELIVERABLE', 'I-DELIVERABLE', 'B-CONDITION', 'I-CONDITION', 'I-CONDITION']",train,831
"['Milestone', 'three', 'must', 'be', 'completed', 'by', '1', 'June', '2027.']","['O', 'B-DELIVERABLE', 'O', 'O', 'O', 'O', 'B-DEADLINE', 'I-DEADLINE', 'I-DEADLINE']",train,832
"['The', 'contractor', 'shall', 'provide', 'termination', 'notice', 'at', 'least', 'five', 'business', 'days', 'before', 'termination.']","['O', 'B-ROLE', 'O', 'O', 'B-NOTICE', 'I-NOTICE', 'O', 'O', 'B-DURATION', 'I-DURATION', 'I-DURATION', 'O', 'O']",train,833
"['The', 'software', 'developer', 'shall', 'return', 'technical', 'documentation', 'within', 'six', 'weeks', 'after', 'termination.']","['O', 'B-ROLE', 'I-ROLE', 'O', 'O', 'B-DELIVERABLE', 'I-DELIVERABLE', 'O', 'B-DURATION', 'I-DURATION', 'O', 'O']",train,834
"['The', 'project', 'fee', 'is', 'USD', '3,000', 'and', 'shall', 'be', 'paid', 'subject', 'to', 'client', 'approval.']","['O', 'O', 'O', 'O', 'B-AMOUNT', 'I-AMOUNT', 'O', 'O', 'O', 'O', 'B-CONDITION', 'I-CONDITION', 'I-CONDITION', 'I-CONDITION']",train,835
"['Amit', 'Verma', 'is', 'responsible', 'for', 'install', 'the', 'backend', 'service.']","['B-PERSON', 'I-PERSON', 'O', 'O', 'O', 'B-ACTION', 'O', 'B-DELIVERABLE', 'I-DELIVERABLE']",train,836
"['The', 'Vertex', 'Digital', 'shall', 'notify', 'the', 'other', 'party', 'of', 'a', 'renewal', 'request', 'at', 'least', 'one', 'year', 'before', 'expiry.']","['O', 'B-PARTY', 'I-PARTY', 'O', 'O', 'O', 'O', 'O', 'O', 'O', 'O', 'O', 'O', 'O', 'B-DEADLINE', 'I-DEADLINE', 'O', 'O']",train,837
"['The', 'contractor', 'shall', 'document', 'technical', 'documentation', 'after', 'successful', 'testing.']","['O', 'B-ROLE', 'O', 'O', 'B-DELIVERABLE', 'I-DELIVERABLE', 'O', 'O', 'O']",train,838
"['The', 'freelance', 'developer', 'shall', 'install', 'software', 'patches', 'during', 'the', 'maintenance', 'period.']","['O', 'B-ROLE', 'I-ROLE', 'O', 'O', 'B-DELIVERABLE', 'I-DELIVERABLE', 'O', 'O', 'O', 'O']",train,839
"['The', 'developer', 'shall', 'return', 'cloud', 'environment', 'within', 'thirty', 'days', 'after', 'termination.']","['O', 'B-ROLE', 'O', 'O', 'B-DELIVERABLE', 'I-DELIVERABLE', 'O', 'B-DURATION', 'I-DURATION', 'O', 'O']",train,840
"['Invoices', 'shall', 'be', 'submitted', 'on', 'the', 'last', 'business', 'day', 'of', 'each', 'month.']","['O', 'O', 'O', 'O', 'O', 'B-DATE', 'I-DATE', 'I-DATE', 'I-DATE', 'I-DATE', 'I-DATE', 'I-DATE']",train,841
"['The', 'Bright', 'Labs', 'shall', 'provide', 'API', 'integration', 'to', 'the', 'freelance', 'developer', 'before', 'development', 'begins.']","['O', 'B-PARTY', 'I-PARTY', 'O', 'O', 'B-DELIVERABLE', 'I-DELIVERABLE', 'O', 'O', 'B-ROLE', 'I-ROLE', 'O', 'O', 'O']",train,842
"['The', 'Zenith', 'Tech', 'shall', 'make', 'the', 'first', 'installment', 'of', 'INR', '150,000', 'after', 'final', 'delivery.']","['O', 'B-PARTY', 'I-PARTY', 'O', 'O', 'O', 'B-PAYMENT', 'I-PAYMENT', 'O', 'B-AMOUNT', 'I-AMOUNT', 'B-CONDITION', 'I-CONDITION', 'I-CONDITION']",train,843
"['The', 'agreement', 'shall', 'commence', 'on', '15', 'July', '2027', 'and', 'continue', 'for', 'twelve', 'weeks.']","['O', 'O', 'O', 'O', 'O', 'B-DATE', 'I-DATE', 'I-DATE', 'O', 'O', 'O', 'B-DURATION', 'I-DURATION']",train,844
"['The', 'ABC', 'Technologies', 'shall', 'provide', 'technical', 'specifications', 'by', '15', 'February', '2027.']","['O', 'B-PARTY', 'I-PARTY', 'O', 'O', 'B-DELIVERABLE', 'I-DELIVERABLE', 'O', 'B-DEADLINE', 'I-DEADLINE', 'I-DEADLINE']",train,845
"['The', 'development', 'team', 'shall', 'respond', 'to', 'technical', 'documentation', 'within', 'three', 'days.']","['O', 'B-ROLE', 'I-ROLE', 'O', 'O', 'O', 'B-DELIVERABLE', 'I-DELIVERABLE', 'O', 'B-DURATION', 'I-DURATION']",train,846
"['Rohan', 'Das', 'is', 'responsible', 'for', 'install', 'the', 'mobile', 'application.']","['B-PERSON', 'I-PERSON', 'O', 'O', 'O', 'B-ACTION', 'O', 'B-DELIVERABLE', 'I-DELIVERABLE']",train,847
"['The', 'Vertex', 'Digital', 'shall', 'integrate', 'the', 'user', 'interface', 'by', '1', 'June', '2027.']","['O', 'B-PARTY', 'I-PARTY', 'O', 'B-ACTION', 'O', 'B-DELIVERABLE', 'I-DELIVERABLE', 'O', 'B-DEADLINE', 'I-DEADLINE', 'I-DEADLINE']",train,848
"['The', 'software', 'engineer', 'shall', 'retain', 'backend', 'service', 'for', 'five', 'business', 'days.']","['O', 'B-ROLE', 'I-ROLE', 'O', 'O', 'B-DELIVERABLE', 'I-DELIVERABLE', 'O', 'B-DURATION', 'I-DURATION', 'I-DURATION']",train,849
"['The', 'software', 'developer', 'shall', 'provide', 'defect', 'notice', 'at', 'least', 'eight', 'weeks', 'before', 'termination.']","['O', 'B-ROLE', 'I-ROLE', 'O', 'O', 'B-NOTICE', 'I-NOTICE', 'O', 'O', 'B-DURATION', 'I-DURATION', 'O', 'O']",train,850
"['The', 'PixelWorks', 'shall', 'pay', 'each', 'undisputed', 'invoice', 'within', 'eight', 'weeks.']","['O', 'B-PARTY', 'O', 'O', 'O', 'O', 'O', 'O', 'B-DURATION', 'I-DURATION']",train,851
"['The', 'contractor', 'shall', 'return', 'project', 'documentation', 'within', 'thirty', 'days', 'after', 'termination.']","['O', 'B-ROLE', 'O', 'O', 'B-DELIVERABLE', 'I-DELIVERABLE', 'O', 'B-DURATION', 'I-DURATION', 'O', 'O']",train,852
"['The', 'developer', 'shall', 'not', 'disclose', 'the', 'project', 'documentation', 'to', 'any', 'third', 'party.']","['O', 'B-ROLE', 'O', 'O', 'O', 'O', 'B-DELIVERABLE', 'I-DELIVERABLE', 'O', 'O', 'B-PARTY', 'I-PARTY']",train,853
"['Invoices', 'shall', 'be', 'submitted', 'on', '15th', 'of', 'each', 'month.']","['O', 'O', 'O', 'O', 'O', 'B-DATE', 'I-DATE', 'I-DATE', 'I-DATE']",train,854
"['The', 'project', 'fee', 'is', 'INR', '100,000', 'and', 'shall', 'be', 'paid', 'after', 'client', 'acceptance.']","['O', 'O', 'O', 'O', 'B-AMOUNT', 'I-AMOUNT', 'O', 'O', 'O', 'O', 'B-CONDITION', 'I-CONDITION', 'I-CONDITION']",train,855
"['Aditya', 'Nair', 'is', 'responsible', 'for', 'implement', 'the', 'database', 'schema.']","['B-PERSON', 'I-PERSON', 'O', 'O', 'O', 'B-ACTION', 'O', 'B-DELIVERABLE', 'I-DELIVERABLE']",train,856
"['The', 'Delta', 'Apps', 'owns', 'the', 'cloud', 'environment', 'after', 'full', 'payment.']","['O', 'B-PARTY', 'I-PARTY', 'O', 'O', 'B-DELIVERABLE', 'I-DELIVERABLE', 'O', 'B-CONDITION', 'I-CONDITION']",train,857
"['Milestone', 'two', 'must', 'be', 'completed', 'by', '1', 'June', '2027.']","['O', 'B-DELIVERABLE', 'O', 'O', 'O', 'O', 'B-DEADLINE', 'I-DEADLINE', 'I-DEADLINE']",train,858
"['The', 'ABC', 'Technologies', 'shall', 'return', 'the', 'software', 'module', 'by', '10', 'April', '2027.']","['O', 'B-PARTY', 'I-PARTY', 'O', 'B-ACTION', 'O', 'B-DELIVERABLE', 'I-DELIVERABLE', 'O', 'B-DEADLINE', 'I-DEADLINE', 'I-DEADLINE']",train,859
"['The', 'technical', 'consultant', 'shall', 'retain', 'mobile', 'application', 'for', 'six', 'weeks.']","['O', 'B-ROLE', 'I-ROLE', 'O', 'O', 'B-DELIVERABLE', 'I-DELIVERABLE', 'O', 'B-DURATION', 'I-DURATION']",train,860
"['The', 'contractor', 'must', 'update', 'the', 'cloud', 'environment', 'to', 'the', 'BluePeak', 'Labs.']","['O', 'B-ROLE', 'O', 'B-ACTION', 'O', 'B-DELIVERABLE', 'I-DELIVERABLE', 'O', 'O', 'B-PARTY', 'I-PARTY']",train,861
"['The', 'Orion', 'Systems', 'shall', 'notify', 'the', 'other', 'party', 'of', 'a', 'renewal', 'request', 'at', 'least', 'ten', 'days', 'before', 'expiry.']","['O', 'B-PARTY', 'I-PARTY', 'O', 'O', 'O', 'O', 'O', 'O', 'O', 'O', 'O', 'O', 'O', 'B-DEADLINE', 'I-DEADLINE', 'O', 'O']",train,862
"['The', 'freelance', 'developer', 'must', 'maintain', 'the', 'technical', 'documentation', 'to', 'the', 'Vertex', 'Digital.']","['O', 'B-ROLE', 'I-ROLE', 'O', 'B-ACTION', 'O', 'B-DELIVERABLE', 'I-DELIVERABLE', 'O', 'O', 'B-PARTY', 'I-PARTY']",train,863
"['The', 'developer', 'shall', 'provide', 'source', 'code', 'every', 'Friday.']","['O', 'B-ROLE', 'O', 'O', 'B-DELIVERABLE', 'I-DELIVERABLE', 'O', 'B-DATE']",train,864
"['The', 'project', 'fee', 'is', 'INR', '25,000', 'and', 'shall', 'be', 'paid', 'after', 'successful', 'testing.']","['O', 'O', 'O', 'O', 'B-AMOUNT', 'I-AMOUNT', 'O', 'O', 'O', 'O', 'B-CONDITION', 'I-CONDITION', 'I-CONDITION']",train,865
"['The', 'software', 'developer', 'shall', 'retain', 'mobile', 'application', 'for', 'ten', 'days.']","['O', 'B-ROLE', 'I-ROLE', 'O', 'O', 'B-DELIVERABLE', 'I-DELIVERABLE', 'O', 'B-DURATION', 'I-DURATION']",train,866
"['Neha', 'Kapoor', 'is', 'responsible', 'for', 'update', 'the', 'software', 'module.']","['B-PERSON', 'I-PERSON', 'O', 'O', 'O', 'B-ACTION', 'O', 'B-DELIVERABLE', 'I-DELIVERABLE']",train,867
"['The', 'project', 'fee', 'is', 'INR', '100,000', 'and', 'shall', 'be', 'paid', 'upon', 'completion.']","['O', 'O', 'O', 'O', 'B-AMOUNT', 'I-AMOUNT', 'O', 'O', 'O', 'O', 'B-CONDITION', 'I-CONDITION']",train,868
"['The', 'agreement', 'shall', 'commence', 'on', '28', 'March', '2027', 'and', 'continue', 'for', 'thirty', 'days.']","['O', 'O', 'O', 'O', 'O', 'B-DATE', 'I-DATE', 'I-DATE', 'O', 'O', 'O', 'B-DURATION', 'I-DURATION']",train,869
"['The', 'technical', 'consultant', 'must', 'update', 'the', 'cloud', 'environment', 'to', 'the', 'Bright', 'Labs.']","['O', 'B-ROLE', 'I-ROLE', 'O', 'B-ACTION', 'O', 'B-DELIVERABLE', 'I-DELIVERABLE', 'O', 'O', 'B-PARTY', 'I-PARTY']",train,870
"['The', 'Vertex', 'Digital', 'shall', 'pay', 'each', 'undisputed', 'invoice', 'within', 'seven', 'days.']","['O', 'B-PARTY', 'I-PARTY', 'O', 'O', 'O', 'O', 'O', 'O', 'B-DURATION', 'I-DURATION']",train,871
"['Zenith', 'Tech', 'will', 'develop', 'the', 'project', 'documentation', 'before', 'deployment.']","['B-PARTY', 'I-PARTY', 'O', 'B-ACTION', 'O', 'B-DELIVERABLE', 'I-DELIVERABLE', 'B-CONDITION', 'I-CONDITION']",train,872
"['The', 'NovaSoft', 'Solutions', 'shall', 'approve', 'the', 'testing', 'report', 'within', 'six', 'months.']","['O', 'B-PARTY', 'I-PARTY', 'O', 'O', 'O', 'B-DELIVERABLE', 'I-DELIVERABLE', 'O', 'B-DURATION', 'I-DURATION']",train,873
"['The', 'PixelWorks', 'shall', 'make', 'the', 'first', 'installment', 'of', 'INR', '100,000', 'before', 'development', 'begins.']","['O', 'B-PARTY', 'O', 'O', 'O', 'B-PAYMENT', 'I-PAYMENT', 'O', 'B-AMOUNT', 'I-AMOUNT', 'B-CONDITION', 'I-CONDITION', 'I-CONDITION']",train,874
"['The', 'Apex', 'Software', 'shall', 'approve', 'the', 'source', 'code', 'within', 'eight', 'weeks.']","['O', 'B-PARTY', 'I-PARTY', 'O', 'O', 'O', 'B-DELIVERABLE', 'I-DELIVERABLE', 'O', 'B-DURATION', 'I-DURATION']",train,875
"['The', 'technical', 'consultant', 'shall', 'not', 'disclose', 'the', 'cloud', 'environment', 'to', 'any', 'third', 'party.']","['O', 'B-ROLE', 'I-ROLE', 'O', 'O', 'O', 'O', 'B-DELIVERABLE', 'I-DELIVERABLE', 'O', 'O', 'B-PARTY', 'I-PARTY']",train,876
"['The', 'contractor', 'shall', 'protect', 'confidential', 'information', 'received', 'from', 'the', 'CodeCraft', 'Solutions.']","['O', 'B-ROLE', 'O', 'O', 'B-DELIVERABLE', 'I-DELIVERABLE', 'O', 'O', 'O', 'B-PARTY', 'I-PARTY']",train,877
"['The', 'NovaSoft', 'Solutions', 'owns', 'the', 'technical', 'documentation', 'after', 'full', 'payment.']","['O', 'B-PARTY', 'I-PARTY', 'O', 'O', 'B-DELIVERABLE', 'I-DELIVERABLE', 'O', 'B-CONDITION', 'I-CONDITION']",train,878
"['The', 'project', 'fee', 'is', 'USD', '1,500', 'and', 'shall', 'be', 'paid', 'after', 'termination.']","['O', 'O', 'O', 'O', 'B-AMOUNT', 'I-AMOUNT', 'O', 'O', 'O', 'O', 'B-CONDITION', 'I-CONDITION']",train,879
"['The', 'development', 'team', 'shall', 'retain', 'prototype', 'for', 'six', 'months.']","['O', 'B-ROLE', 'I-ROLE', 'O', 'O', 'B-DELIVERABLE', 'O', 'B-DURATION', 'I-DURATION']",train,880
"['The', 'NovaSoft', 'Solutions', 'shall', 'pay', 'each', 'undisputed', 'invoice', 'within', 'three', 'days.']","['O', 'B-PARTY', 'I-PARTY', 'O', 'O', 'O', 'O', 'O', 'O', 'B-DURATION', 'I-DURATION']",train,881
"['The', 'software', 'developer', 'shall', 'return', 'deployment', 'package', 'within', 'eight', 'weeks', 'after', 'termination.']","['O', 'B-ROLE', 'I-ROLE', 'O', 'O', 'B-DELIVERABLE', 'I-DELIVERABLE', 'O', 'B-DURATION', 'I-DURATION', 'O', 'O']",train,882
"['Arjun', 'Patel', 'shall', 'configure', 'the', 'backend', 'service', 'within', 'twelve', 'weeks.']","['B-PERSON', 'I-PERSON', 'O', 'B-ACTION', 'O', 'B-DELIVERABLE', 'I-DELIVERABLE', 'O', 'B-DURATION', 'I-DURATION']",train,883
"['The', 'Apex', 'Software', 'shall', 'make', 'the', 'milestone', 'payment', 'of', 'INR', '150,000', 'subject', 'to', 'client', 'approval.']","['O', 'B-PARTY', 'I-PARTY', 'O', 'O', 'O', 'B-PAYMENT', 'I-PAYMENT', 'O', 'B-AMOUNT', 'I-AMOUNT', 'B-CONDITION', 'I-CONDITION', 'I-CONDITION', 'I-CONDITION']",train,884
"['The', 'NextGen', 'Systems', 'shall', 'review', 'software', 'module', 'on', '30', 'November', '2027.']","['O', 'B-PARTY', 'I-PARTY', 'O', 'O', 'B-DELIVERABLE', 'I-DELIVERABLE', 'O', 'B-DATE', 'I-DATE', 'I-DATE']",train,885
"['The', 'developer', 'shall', 'protect', 'confidential', 'information', 'received', 'from', 'the', 'Zenith', 'Tech.']","['O', 'B-ROLE', 'O', 'O', 'B-DELIVERABLE', 'I-DELIVERABLE', 'O', 'O', 'O', 'B-PARTY', 'I-PARTY']",train,886
"['The', 'NextGen', 'Systems', 'shall', 'notify', 'the', 'other', 'party', 'of', 'a', 'renewal', 'request', 'at', 'least', 'six', 'months', 'before', 'expiry.']","['O', 'B-PARTY', 'I-PARTY', 'O', 'O', 'O', 'O', 'O', 'O', 'O', 'O', 'O', 'O', 'O', 'B-DEADLINE', 'I-DEADLINE', 'O', 'O']",train,887
"['The', 'project', 'fee', 'is', 'USD', '3,000', 'and', 'shall', 'be', 'paid', 'upon', 'signing.']","['O', 'O', 'O', 'O', 'B-AMOUNT', 'I-AMOUNT', 'O', 'O', 'O', 'O', 'B-CONDITION', 'I-CONDITION']",train,888
"['The', 'development', 'team', 'shall', 'provide', 'change', 'request', 'at', 'least', 'twelve', 'weeks', 'before', 'termination.']","['O', 'B-ROLE', 'I-ROLE', 'O', 'O', 'B-NOTICE', 'I-NOTICE', 'O', 'O', 'B-DURATION', 'I-DURATION', 'O', 'O']",train,889
"['The', 'ABC', 'Technologies', 'shall', 'review', 'deployment', 'package', 'on', '1', 'June', '2027.']","['O', 'B-PARTY', 'I-PARTY', 'O', 'O', 'B-DELIVERABLE', 'I-DELIVERABLE', 'O', 'B-DATE', 'I-DATE', 'I-DATE']",train,890
"['The', 'BluePeak', 'Labs', 'shall', 'provide', 'technical', 'documentation', 'to', 'the', 'freelance', 'developer', 'before', 'development', 'begins.']","['O', 'B-PARTY', 'I-PARTY', 'O', 'O', 'B-DELIVERABLE', 'I-DELIVERABLE', 'O', 'O', 'B-ROLE', 'I-ROLE', 'O', 'O', 'O']",train,891
"['The', 'contractor', 'shall', 'provide', 'change', 'request', 'at', 'least', 'twelve', 'weeks', 'before', 'termination.']","['O', 'B-ROLE', 'O', 'O', 'B-NOTICE', 'I-NOTICE', 'O', 'O', 'B-DURATION', 'I-DURATION', 'O', 'O']",train,892
"['The', 'CodeCraft', 'Solutions', 'shall', 'approve', 'the', 'user', 'interface', 'within', 'three', 'months.']","['O', 'B-PARTY', 'I-PARTY', 'O', 'O', 'O', 'B-DELIVERABLE', 'I-DELIVERABLE', 'O', 'B-DURATION', 'I-DURATION']",train,893
"['Either', 'party', 'to', 'this', 'agreement', 'may', 'terminate', 'the', 'agreement', 'by', 'giving', 'one', 'year', 'written', 'notice.']","['O', 'B-PARTY', 'I-PARTY', 'I-PARTY', 'I-PARTY', 'O', 'O', 'O', 'O', 'O', 'O', 'B-DURATION', 'I-DURATION', 'O', 'O']",train,894
"['The', 'software', 'engineer', 'shall', 'respond', 'to', 'prototype', 'within', 'five', 'business', 'days.']","['O', 'B-ROLE', 'I-ROLE', 'O', 'O', 'O', 'B-DELIVERABLE', 'O', 'B-DURATION', 'I-DURATION', 'I-DURATION']",train,895
"['The', 'Apex', 'Software', 'shall', 'pay', 'the', 'outstanding', 'balance', 'within', 'three', 'days', 'after', 'termination.']","['O', 'B-PARTY', 'I-PARTY', 'O', 'O', 'O', 'O', 'B-PAYMENT', 'O', 'B-DURATION', 'I-DURATION', 'O', 'O']",train,896
"['The', 'developer', 'shall', 'return', 'database', 'schema', 'within', 'one', 'year', 'after', 'termination.']","['O', 'B-ROLE', 'O', 'O', 'B-DELIVERABLE', 'I-DELIVERABLE', 'O', 'B-DURATION', 'I-DURATION', 'O', 'O']",train,897
"['The', 'freelance', 'developer', 'shall', 'provide', 'defect', 'notice', 'at', 'least', 'eight', 'weeks', 'before', 'termination.']","['O', 'B-ROLE', 'I-ROLE', 'O', 'O', 'B-NOTICE', 'I-NOTICE', 'O', 'O', 'B-DURATION', 'I-DURATION', 'O', 'O']",train,898
"['The', 'freelance', 'developer', 'shall', 'submit', 'web', 'application', 'to', 'CodeCraft', 'Solutions', 'on', '12', 'September', '2027.']","['O', 'B-ROLE', 'I-ROLE', 'O', 'O', 'B-DELIVERABLE', 'I-DELIVERABLE', 'O', 'B-PARTY', 'I-PARTY', 'O', 'B-DATE', 'I-DATE', 'I-DATE']",train,899
"['The', 'project', 'fee', 'is', 'INR', '50,000', 'and', 'shall', 'be', 'paid', 'upon', 'receipt', 'of', 'written', 'approval.']","['O', 'O', 'O', 'O', 'B-AMOUNT', 'I-AMOUNT', 'O', 'O', 'O', 'O', 'B-CONDITION', 'I-CONDITION', 'I-CONDITION', 'I-CONDITION', 'I-CONDITION']",train,900
"['The', 'software', 'engineer', 'shall', 'complete', 'technical', 'documentation', 'no', 'later', 'than', '1', 'June', '2027.']","['O', 'B-ROLE', 'I-ROLE', 'O', 'O', 'B-DELIVERABLE', 'I-DELIVERABLE', 'O', 'O', 'O', 'B-DEADLINE', 'I-DEADLINE', 'I-DEADLINE']",train,901
"['The', 'development', 'team', 'shall', 'provide', 'technical', 'documentation', 'every', 'week.']","['O', 'B-ROLE', 'I-ROLE', 'O', 'O', 'B-DELIVERABLE', 'I-DELIVERABLE', 'O', 'B-DATE']",train,902
"['The', 'software', 'engineer', 'shall', 'provide', 'database', 'schema', 'every', 'week.']","['O', 'B-ROLE', 'I-ROLE', 'O', 'O', 'B-DELIVERABLE', 'I-DELIVERABLE', 'O', 'B-DATE']",train,903
"['The', 'development', 'team', 'shall', 'document', 'deployment', 'package', 'after', 'successful', 'testing.']","['O', 'B-ROLE', 'I-ROLE', 'O', 'O', 'B-DELIVERABLE', 'I-DELIVERABLE', 'O', 'O', 'O']",train,904
"['The', 'parties', 'shall', 'conduct', 'a', 'final', 'review', 'subject', 'to', 'client', 'approval.']","['O', 'O', 'O', 'O', 'O', 'B-DELIVERABLE', 'I-DELIVERABLE', 'B-CONDITION', 'I-CONDITION', 'I-CONDITION', 'I-CONDITION']",train,905
"['The', 'NovaSoft', 'Solutions', 'may', 'reject', 'a', 'cloud', 'environment', 'that', 'does', 'not', 'satisfy', 'the', 'agreed', 'specifications.']","['O', 'B-PARTY', 'I-PARTY', 'O', 'O', 'O', 'B-DELIVERABLE', 'I-DELIVERABLE', 'O', 'O', 'O', 'O', 'O', 'O', 'O']",train,906
"['The', 'software', 'developer', 'shall', 'provide', 'written', 'notice', 'at', 'least', 'ten', 'days', 'before', 'termination.']","['O', 'B-ROLE', 'I-ROLE', 'O', 'O', 'B-NOTICE', 'I-NOTICE', 'O', 'O', 'B-DURATION', 'I-DURATION', 'O', 'O']",train,907
"['The', 'software', 'engineer', 'shall', 'install', 'the', 'mobile', 'application.']","['O', 'B-ROLE', 'I-ROLE', 'O', 'B-ACTION', 'O', 'B-DELIVERABLE', 'I-DELIVERABLE']",train,908
"['The', 'developer', 'shall', 'retain', 'user', 'interface', 'for', 'thirty', 'days.']","['O', 'B-ROLE', 'O', 'O', 'B-DELIVERABLE', 'I-DELIVERABLE', 'O', 'B-DURATION', 'I-DURATION']",train,909
"['The', 'Apex', 'Software', 'shall', 'review', 'cloud', 'environment', 'on', '15', 'July', '2027.']","['O', 'B-PARTY', 'I-PARTY', 'O', 'O', 'B-DELIVERABLE', 'I-DELIVERABLE', 'O', 'B-DATE', 'I-DATE', 'I-DATE']",train,910
"['The', 'software', 'engineer', 'shall', 'provide', 'termination', 'notice', 'at', 'least', 'six', 'months', 'before', 'termination.']","['O', 'B-ROLE', 'I-ROLE', 'O', 'O', 'B-NOTICE', 'I-NOTICE', 'O', 'O', 'B-DURATION', 'I-DURATION', 'O', 'O']",train,911
"['The', 'agreement', 'shall', 'expire', 'on', '10', 'April', '2027.']","['O', 'O', 'O', 'O', 'O', 'B-DATE', 'I-DATE', 'I-DATE']",train,912
"['The', 'contractor', 'shall', 'provide', 'mobile', 'application', 'every', 'Monday.']","['O', 'B-ROLE', 'O', 'O', 'B-DELIVERABLE', 'I-DELIVERABLE', 'O', 'B-DATE']",train,913
"['The', 'contractor', 'shall', 'submit', 'the', 'API', 'integration.']","['O', 'B-ROLE', 'O', 'B-ACTION', 'O', 'B-DELIVERABLE', 'I-DELIVERABLE']",train,914
"['The', 'GreenByte', 'Ltd.', 'may', 'reject', 'a', 'source', 'code', 'that', 'does', 'not', 'satisfy', 'the', 'agreed', 'specifications.']","['O', 'B-PARTY', 'I-PARTY', 'O', 'O', 'O', 'B-DELIVERABLE', 'I-DELIVERABLE', 'O', 'O', 'O', 'O', 'O', 'O', 'O']",train,915
"['The', 'ABC', 'Technologies', 'shall', 'pay', 'the', 'development', 'team', 'USD', '5,000', 'after', 'client', 'acceptance.']","['O', 'B-PARTY', 'I-PARTY', 'O', 'O', 'O', 'B-ROLE', 'I-ROLE', 'B-AMOUNT', 'I-AMOUNT', 'B-CONDITION', 'I-CONDITION', 'I-CONDITION']",train,916
"['The', 'development', 'team', 'shall', 'document', 'security', 'configuration', 'after', 'successful', 'testing.']","['O', 'B-ROLE', 'I-ROLE', 'O', 'O', 'B-DELIVERABLE', 'I-DELIVERABLE', 'O', 'O', 'O']",train,917
"['Neha', 'Kapoor', 'is', 'responsible', 'for', 'submit', 'the', 'web', 'application.']","['B-PERSON', 'I-PERSON', 'O', 'O', 'O', 'B-ACTION', 'O', 'B-DELIVERABLE', 'I-DELIVERABLE']",train,918
"['The', 'developer', 'shall', 'deliver', 'the', 'user', 'interface.']","['O', 'B-ROLE', 'O', 'B-ACTION', 'O', 'B-DELIVERABLE', 'I-DELIVERABLE']",train,919
"['CloudNine', 'Technologies', 'will', 'implement', 'the', 'security', 'configuration', 'upon', 'receipt', 'of', 'written', 'approval.']","['B-PARTY', 'I-PARTY', 'O', 'B-ACTION', 'O', 'B-DELIVERABLE', 'I-DELIVERABLE', 'B-CONDITION', 'I-CONDITION', 'I-CONDITION', 'I-CONDITION', 'I-CONDITION']",train,920
"['The', 'CloudNine', 'Technologies', 'shall', 'provide', 'backend', 'service', 'to', 'the', 'contractor', 'before', 'development', 'begins.']","['O', 'B-PARTY', 'I-PARTY', 'O', 'O', 'B-DELIVERABLE', 'I-DELIVERABLE', 'O', 'O', 'B-ROLE', 'O', 'O', 'O']",train,921
"['The', 'software', 'engineer', 'shall', 'respond', 'to', 'mobile', 'application', 'within', 'five', 'business', 'days.']","['O', 'B-ROLE', 'I-ROLE', 'O', 'O', 'O', 'B-DELIVERABLE', 'I-DELIVERABLE', 'O', 'B-DURATION', 'I-DURATION', 'I-DURATION']",train,922
"['The', 'software', 'developer', 'shall', 'provide', 'software', 'module', 'every', 'Monday.']","['O', 'B-ROLE', 'I-ROLE', 'O', 'O', 'B-DELIVERABLE', 'I-DELIVERABLE', 'O', 'B-DATE']",train,923
"['The', 'GreenByte', 'Ltd.', 'shall', 'pay', 'each', 'undisputed', 'invoice', 'within', 'six', 'months.']","['O', 'B-PARTY', 'I-PARTY', 'O', 'O', 'O', 'O', 'O', 'O', 'B-DURATION', 'I-DURATION']",train,924
"['The', 'Delta', 'Apps', 'shall', 'provide', 'test', 'accounts', 'by', '5', 'January', '2027.']","['O', 'B-PARTY', 'I-PARTY', 'O', 'O', 'B-DELIVERABLE', 'I-DELIVERABLE', 'O', 'B-DEADLINE', 'I-DEADLINE', 'I-DEADLINE']",train,925
"['Ananya', 'Sen', 'shall', 'update', 'the', 'testing', 'report', 'within', 'ten', 'days.']","['B-PERSON', 'I-PERSON', 'O', 'B-ACTION', 'O', 'B-DELIVERABLE', 'I-DELIVERABLE', 'O', 'B-DURATION', 'I-DURATION']",train,926
"['The', 'technical', 'consultant', 'shall', 'not', 'disclose', 'the', 'backend', 'service', 'to', 'any', 'third', 'party.']","['O', 'B-ROLE', 'I-ROLE', 'O', 'O', 'O', 'O', 'B-DELIVERABLE', 'I-DELIVERABLE', 'O', 'O', 'B-PARTY', 'I-PARTY']",train,927
"['The', 'freelance', 'developer', 'shall', 'provide', 'API', 'integration', 'every', 'Monday.']","['O', 'B-ROLE', 'I-ROLE', 'O', 'O', 'B-DELIVERABLE', 'I-DELIVERABLE', 'O', 'B-DATE']",train,928
"['The', 'technical', 'consultant', 'may', 'request', 'an', 'extension', 'before', 'the', 'delivery', 'deadline.']","['O', 'B-ROLE', 'I-ROLE', 'O', 'O', 'O', 'O', 'O', 'O', 'B-DEADLINE', 'I-DEADLINE']",train,929
"['The', 'CodeCraft', 'Solutions', 'shall', 'review', 'testing', 'report', 'on', '5', 'January', '2027.']","['O', 'B-PARTY', 'I-PARTY', 'O', 'O', 'B-DELIVERABLE', 'I-DELIVERABLE', 'O', 'B-DATE', 'I-DATE', 'I-DATE']",train,930
"['The', 'freelance', 'developer', 'shall', 'correct', 'errors', 'within', 'six', 'months.']","['O', 'B-ROLE', 'I-ROLE', 'O', 'O', 'B-DELIVERABLE', 'O', 'B-DURATION', 'I-DURATION']",train,931
"['The', 'technical', 'consultant', 'shall', 'retain', 'deployment', 'package', 'for', 'twelve', 'weeks.']","['O', 'B-ROLE', 'I-ROLE', 'O', 'O', 'B-DELIVERABLE', 'I-DELIVERABLE', 'O', 'B-DURATION', 'I-DURATION']",train,932
"['The', 'ABC', 'Technologies', 'shall', 'review', 'deployment', 'package', 'on', '15', 'February', '2027.']","['O', 'B-PARTY', 'I-PARTY', 'O', 'O', 'B-DELIVERABLE', 'I-DELIVERABLE', 'O', 'B-DATE', 'I-DATE', 'I-DATE']",train,933
"['The', 'NovaSoft', 'Solutions', 'may', 'deploy', 'the', 'deployment', 'package', 'after', 'subject', 'to', 'client', 'approval.']","['O', 'B-PARTY', 'I-PARTY', 'O', 'B-ACTION', 'O', 'B-DELIVERABLE', 'I-DELIVERABLE', 'O', 'B-CONDITION', 'I-CONDITION', 'I-CONDITION', 'I-CONDITION']",train,934
"['The', 'BluePeak', 'Labs', 'may', 'reject', 'a', 'mobile', 'application', 'that', 'does', 'not', 'satisfy', 'the', 'agreed', 'specifications.']","['O', 'B-PARTY', 'I-PARTY', 'O', 'O', 'O', 'B-DELIVERABLE', 'I-DELIVERABLE', 'O', 'O', 'O', 'O', 'O', 'O', 'O']",train,935
"['Neha', 'Kapoor', 'is', 'responsible', 'for', 'integrate', 'the', 'cloud', 'environment.']","['B-PERSON', 'I-PERSON', 'O', 'O', 'O', 'B-ACTION', 'O', 'B-DELIVERABLE', 'I-DELIVERABLE']",train,936
"['The', 'project', 'fee', 'is', 'INR', '50,000', 'and', 'shall', 'be', 'paid', 'upon', 'completion.']","['O', 'O', 'O', 'O', 'B-AMOUNT', 'I-AMOUNT', 'O', 'O', 'O', 'O', 'B-CONDITION', 'I-CONDITION']",train,937
"['The', 'Vertex', 'Digital', 'shall', 'notify', 'the', 'other', 'party', 'of', 'a', 'renewal', 'request', 'at', 'least', 'three', 'months', 'before', 'expiry.']","['O', 'B-PARTY', 'I-PARTY', 'O', 'O', 'O', 'O', 'O', 'O', 'O', 'O', 'O', 'O', 'O', 'B-DEADLINE', 'I-DEADLINE', 'O', 'O']",train,938
"['The', 'technical', 'consultant', 'shall', 'provide', 'API', 'integration', 'every', 'week.']","['O', 'B-ROLE', 'I-ROLE', 'O', 'O', 'B-DELIVERABLE', 'I-DELIVERABLE', 'O', 'B-DATE']",train,939
"['Ananya', 'Sen', 'shall', 'deliver', 'the', 'backend', 'service', 'within', 'thirty', 'days.']","['B-PERSON', 'I-PERSON', 'O', 'B-ACTION', 'O', 'B-DELIVERABLE', 'I-DELIVERABLE', 'O', 'B-DURATION', 'I-DURATION']",train,940
"['The', 'technical', 'consultant', 'shall', 'submit', 'security', 'configuration', 'to', 'Orion', 'Systems', 'on', '15', 'December', '2027.']","['O', 'B-ROLE', 'I-ROLE', 'O', 'O', 'B-DELIVERABLE', 'I-DELIVERABLE', 'O', 'B-PARTY', 'I-PARTY', 'O', 'B-DATE', 'I-DATE', 'I-DATE']",train,941
"['The', 'software', 'developer', 'must', 'document', 'the', 'source', 'code', 'to', 'the', 'Zenith', 'Tech.']","['O', 'B-ROLE', 'I-ROLE', 'O', 'B-ACTION', 'O', 'B-DELIVERABLE', 'I-DELIVERABLE', 'O', 'O', 'B-PARTY', 'I-PARTY']",train,942
"['The', 'software', 'developer', 'shall', 'return', 'testing', 'report', 'within', 'five', 'business', 'days', 'after', 'termination.']","['O', 'B-ROLE', 'I-ROLE', 'O', 'O', 'B-DELIVERABLE', 'I-DELIVERABLE', 'O', 'B-DURATION', 'I-DURATION', 'I-DURATION', 'O', 'O']",train,943
"['The', 'software', 'engineer', 'shall', 'provide', 'defect', 'notice', 'at', 'least', 'three', 'days', 'before', 'termination.']","['O', 'B-ROLE', 'I-ROLE', 'O', 'O', 'B-NOTICE', 'I-NOTICE', 'O', 'O', 'B-DURATION', 'I-DURATION', 'O', 'O']",train,944
"['The', 'agreement', 'shall', 'commence', 'on', '15', 'July', '2027', 'and', 'continue', 'for', 'six', 'weeks.']","['O', 'O', 'O', 'O', 'O', 'B-DATE', 'I-DATE', 'I-DATE', 'O', 'O', 'O', 'B-DURATION', 'I-DURATION']",train,945
"['The', 'CloudNine', 'Technologies', 'may', 'review', 'the', 'prototype', 'after', 'after', 'final', 'delivery.']","['O', 'B-PARTY', 'I-PARTY', 'O', 'B-ACTION', 'O', 'B-DELIVERABLE', 'O', 'B-CONDITION', 'I-CONDITION', 'I-CONDITION']",train,946
"['The', 'freelance', 'developer', 'shall', 'retain', 'API', 'integration', 'for', 'fourteen', 'days.']","['O', 'B-ROLE', 'I-ROLE', 'O', 'O', 'B-DELIVERABLE', 'I-DELIVERABLE', 'O', 'B-DURATION', 'I-DURATION']",train,947
"['Milestone', 'two', 'must', 'be', 'completed', 'by', '30', 'November', '2027.']","['O', 'B-DELIVERABLE', 'O', 'O', 'O', 'O', 'B-DEADLINE', 'I-DEADLINE', 'I-DEADLINE']",train,948
"['The', 'development', 'team', 'shall', 'provide', 'change', 'request', 'at', 'least', 'fourteen', 'days', 'before', 'termination.']","['O', 'B-ROLE', 'I-ROLE', 'O', 'O', 'B-NOTICE', 'I-NOTICE', 'O', 'O', 'B-DURATION', 'I-DURATION', 'O', 'O']",train,949
"['The', 'Delta', 'Apps', 'owns', 'the', 'security', 'configuration', 'after', 'full', 'payment.']","['O', 'B-PARTY', 'I-PARTY', 'O', 'O', 'B-DELIVERABLE', 'I-DELIVERABLE', 'O', 'B-CONDITION', 'I-CONDITION']",train,950
"['Milestone', 'three', 'must', 'be', 'completed', 'by', '25', 'October', '2027.']","['O', 'B-DELIVERABLE', 'O', 'O', 'O', 'O', 'B-DEADLINE', 'I-DEADLINE', 'I-DEADLINE']",train,951
"['The', 'Bright', 'Labs', 'shall', 'provide', 'API', 'integration', 'to', 'the', 'development', 'team', 'before', 'development', 'begins.']","['O', 'B-PARTY', 'I-PARTY', 'O', 'O', 'B-DELIVERABLE', 'I-DELIVERABLE', 'O', 'O', 'B-ROLE', 'I-ROLE', 'O', 'O', 'O']",train,952
"['The', 'technical', 'consultant', 'shall', 'submit', 'technical', 'documentation', 'to', 'Orion', 'Systems', 'on', '10', 'April', '2027.']","['O', 'B-ROLE', 'I-ROLE', 'O', 'O', 'B-DELIVERABLE', 'I-DELIVERABLE', 'O', 'B-PARTY', 'I-PARTY', 'O', 'B-DATE', 'I-DATE', 'I-DATE']",train,953
"['The', 'Apex', 'Software', 'shall', 'notify', 'the', 'other', 'party', 'of', 'a', 'renewal', 'request', 'at', 'least', 'five', 'business', 'days', 'before', 'expiry.']","['O', 'B-PARTY', 'I-PARTY', 'O', 'O', 'O', 'O', 'O', 'O', 'O', 'O', 'O', 'O', 'O', 'B-DEADLINE', 'I-DEADLINE', 'I-DEADLINE', 'O', 'O']",train,954
"['The', 'Apex', 'Software', 'shall', 'provide', 'testing', 'report', 'to', 'the', 'software', 'developer', 'before', 'development', 'begins.']","['O', 'B-PARTY', 'I-PARTY', 'O', 'O', 'B-DELIVERABLE', 'I-DELIVERABLE', 'O', 'O', 'B-ROLE', 'I-ROLE', 'O', 'O', 'O']",train,955
"['The', 'agreement', 'shall', 'commence', 'on', '15', 'July', '2027', 'and', 'continue', 'for', 'five', 'business', 'days.']","['O', 'O', 'O', 'O', 'O', 'B-DATE', 'I-DATE', 'I-DATE', 'O', 'O', 'O', 'B-DURATION', 'I-DURATION', 'I-DURATION']",train,956
"['The', 'project', 'fee', 'is', 'USD', '1,500', 'and', 'shall', 'be', 'paid', 'after', 'client', 'acceptance.']","['O', 'O', 'O', 'O', 'B-AMOUNT', 'I-AMOUNT', 'O', 'O', 'O', 'O', 'B-CONDITION', 'I-CONDITION', 'I-CONDITION']",train,957
"['The', 'technical', 'consultant', 'shall', 'respond', 'to', 'software', 'module', 'within', 'fourteen', 'days.']","['O', 'B-ROLE', 'I-ROLE', 'O', 'O', 'O', 'B-DELIVERABLE', 'I-DELIVERABLE', 'O', 'B-DURATION', 'I-DURATION']",train,958
"['The', 'contractor', 'shall', 'provide', 'change', 'request', 'at', 'least', 'five', 'business', 'days', 'before', 'termination.']","['O', 'B-ROLE', 'O', 'O', 'B-NOTICE', 'I-NOTICE', 'O', 'O', 'B-DURATION', 'I-DURATION', 'I-DURATION', 'O', 'O']",train,959
"['The', 'GreenByte', 'Ltd.', 'owns', 'the', 'security', 'configuration', 'after', 'full', 'payment.']","['O', 'B-PARTY', 'I-PARTY', 'O', 'O', 'B-DELIVERABLE', 'I-DELIVERABLE', 'O', 'B-CONDITION', 'I-CONDITION']",train,960
"['The', 'Bright', 'Labs', 'shall', 'notify', 'the', 'other', 'party', 'of', 'a', 'renewal', 'request', 'at', 'least', 'five', 'business', 'days', 'before', 'expiry.']","['O', 'B-PARTY', 'I-PARTY', 'O', 'O', 'O', 'O', 'O', 'O', 'O', 'O', 'O', 'O', 'O', 'B-DEADLINE', 'I-DEADLINE', 'I-DEADLINE', 'O', 'O']",validation,961
"['The', 'CloudNine', 'Technologies', 'shall', 'notify', 'the', 'other', 'party', 'of', 'a', 'renewal', 'request', 'at', 'least', 'three', 'months', 'before', 'expiry.']","['O', 'B-PARTY', 'I-PARTY', 'O', 'O', 'O', 'O', 'O', 'O', 'O', 'O', 'O', 'O', 'O', 'B-DEADLINE', 'I-DEADLINE', 'O', 'O']",validation,962
"['The', 'Zenith', 'Tech', 'shall', 'provide', 'mobile', 'application', 'to', 'the', 'software', 'developer', 'before', 'development', 'begins.']","['O', 'B-PARTY', 'I-PARTY', 'O', 'O', 'B-DELIVERABLE', 'I-DELIVERABLE', 'O', 'O', 'B-ROLE', 'I-ROLE', 'O', 'O', 'O']",validation,963
"['The', 'software', 'engineer', 'shall', 'respond', 'to', 'testing', 'report', 'within', 'six', 'weeks.']","['O', 'B-ROLE', 'I-ROLE', 'O', 'O', 'O', 'B-DELIVERABLE', 'I-DELIVERABLE', 'O', 'B-DURATION', 'I-DURATION']",validation,964
"['The', 'Vertex', 'Digital', 'may', 'reject', 'a', 'prototype', 'that', 'does', 'not', 'satisfy', 'the', 'agreed', 'specifications.']","['O', 'B-PARTY', 'I-PARTY', 'O', 'O', 'O', 'B-DELIVERABLE', 'O', 'O', 'O', 'O', 'O', 'O', 'O']",validation,965
"['The', 'development', 'team', 'shall', 'correct', 'rejected', 'work', 'within', 'thirty', 'days.']","['O', 'B-ROLE', 'I-ROLE', 'O', 'O', 'B-DELIVERABLE', 'I-DELIVERABLE', 'O', 'B-DURATION', 'I-DURATION']",validation,966
"['The', 'CloudNine', 'Technologies', 'shall', 'pay', 'the', 'outstanding', 'balance', 'within', 'six', 'weeks', 'after', 'termination.']","['O', 'B-PARTY', 'I-PARTY', 'O', 'O', 'O', 'O', 'B-PAYMENT', 'O', 'B-DURATION', 'I-DURATION', 'O', 'O']",validation,967
"['The', 'developer', 'shall', 'protect', 'confidential', 'information', 'received', 'from', 'the', 'Delta', 'Apps.']","['O', 'B-ROLE', 'O', 'O', 'B-DELIVERABLE', 'I-DELIVERABLE', 'O', 'O', 'O', 'B-PARTY', 'I-PARTY']",validation,968
"['The', 'software', 'developer', 'shall', 'install', 'dependencies', 'during', 'the', 'maintenance', 'period.']","['O', 'B-ROLE', 'I-ROLE', 'O', 'O', 'B-DELIVERABLE', 'O', 'O', 'O', 'O']",validation,969
"['The', 'ABC', 'Technologies', 'shall', 'pay', 'each', 'undisputed', 'invoice', 'within', 'eight', 'weeks.']","['O', 'B-PARTY', 'I-PARTY', 'O', 'O', 'O', 'O', 'O', 'O', 'B-DURATION', 'I-DURATION']",validation,970
"['The', 'maintenance', 'period', 'begins', 'on', '20', 'May', '2027.']","['O', 'O', 'O', 'O', 'O', 'B-DATE', 'I-DATE', 'I-DATE']",validation,971
"['The', 'Orion', 'Systems', 'shall', 'provide', 'software', 'module', 'to', 'the', 'software', 'engineer', 'before', 'development', 'begins.']","['O', 'B-PARTY', 'I-PARTY', 'O', 'O', 'B-DELIVERABLE', 'I-DELIVERABLE', 'O', 'O', 'B-ROLE', 'I-ROLE', 'O', 'O', 'O']",validation,972
"['Ananya', 'Sen', 'is', 'responsible', 'for', 'configure', 'the', 'technical', 'documentation.']","['B-PERSON', 'I-PERSON', 'O', 'O', 'O', 'B-ACTION', 'O', 'B-DELIVERABLE', 'I-DELIVERABLE']",validation,973
"['The', 'developer', 'shall', 'respond', 'to', 'software', 'module', 'within', 'three', 'months.']","['O', 'B-ROLE', 'O', 'O', 'O', 'B-DELIVERABLE', 'I-DELIVERABLE', 'O', 'B-DURATION', 'I-DURATION']",validation,974
"['The', 'technical', 'consultant', 'shall', 'provide', 'user', 'interface', 'every', 'Friday.']","['O', 'B-ROLE', 'I-ROLE', 'O', 'O', 'B-DELIVERABLE', 'I-DELIVERABLE', 'O', 'B-DATE']",validation,975
"['The', 'developer', 'shall', 'provide', 'acceptance', 'notice', 'at', 'least', 'five', 'business', 'days', 'before', 'termination.']","['O', 'B-ROLE', 'O', 'O', 'B-NOTICE', 'I-NOTICE', 'O', 'O', 'B-DURATION', 'I-DURATION', 'I-DURATION', 'O', 'O']",validation,976
"['The', 'freelance', 'developer', 'shall', 'configure', 'the', 'testing', 'environment', 'before', 'deployment.']","['O', 'B-ROLE', 'I-ROLE', 'O', 'O', 'O', 'B-DELIVERABLE', 'I-DELIVERABLE', 'O', 'O']",validation,977
"['Final', 'acceptance', 'shall', 'occur', 'within', 'thirty', 'days', 'of', 'final', 'delivery.']","['O', 'O', 'O', 'O', 'O', 'B-DURATION', 'I-DURATION', 'O', 'O', 'O']",validation,978
"['The', 'PixelWorks', 'shall', 'correct', 'the', 'project', 'documentation', 'by', '5', 'January', '2027.']","['O', 'B-PARTY', 'O', 'B-ACTION', 'O', 'B-DELIVERABLE', 'I-DELIVERABLE', 'O', 'B-DEADLINE', 'I-DEADLINE', 'I-DEADLINE']",validation,979
"['Karan', 'Singh', 'shall', 'review', 'the', 'cloud', 'environment', 'within', 'five', 'business', 'days.']","['B-PERSON', 'I-PERSON', 'O', 'B-ACTION', 'O', 'B-DELIVERABLE', 'I-DELIVERABLE', 'O', 'B-DURATION', 'I-DURATION', 'I-DURATION']",validation,980
"['The', 'ABC', 'Technologies', 'shall', 'review', 'user', 'interface', 'on', '1', 'June', '2027.']","['O', 'B-PARTY', 'I-PARTY', 'O', 'O', 'B-DELIVERABLE', 'I-DELIVERABLE', 'O', 'B-DATE', 'I-DATE', 'I-DATE']",validation,981
"['The', 'maintenance', 'period', 'begins', 'on', '15', 'December', '2027.']","['O', 'O', 'O', 'O', 'O', 'B-DATE', 'I-DATE', 'I-DATE']",validation,982
"['The', 'CodeCraft', 'Solutions', 'may', 'reject', 'a', 'testing', 'report', 'that', 'does', 'not', 'satisfy', 'the', 'agreed', 'specifications.']","['O', 'B-PARTY', 'I-PARTY', 'O', 'O', 'O', 'B-DELIVERABLE', 'I-DELIVERABLE', 'O', 'O', 'O', 'O', 'O', 'O', 'O']",validation,983
"['The', 'CloudNine', 'Technologies', 'shall', 'approve', 'the', 'technical', 'documentation', 'within', 'thirty', 'days.']","['O', 'B-PARTY', 'I-PARTY', 'O', 'O', 'O', 'B-DELIVERABLE', 'I-DELIVERABLE', 'O', 'B-DURATION', 'I-DURATION']",validation,984
"['The', 'technical', 'consultant', 'shall', 'provide', 'termination', 'notice', 'at', 'least', 'thirty', 'days', 'before', 'termination.']","['O', 'B-ROLE', 'I-ROLE', 'O', 'O', 'B-NOTICE', 'I-NOTICE', 'O', 'O', 'B-DURATION', 'I-DURATION', 'O', 'O']",validation,985
"['The', 'contractor', 'shall', 'correct', 'defects', 'within', 'fourteen', 'days.']","['O', 'B-ROLE', 'O', 'O', 'B-DELIVERABLE', 'O', 'B-DURATION', 'I-DURATION']",validation,986
"['The', 'contractor', 'shall', 'protect', 'confidential', 'information', 'received', 'from', 'the', 'PixelWorks.']","['O', 'B-ROLE', 'O', 'O', 'B-DELIVERABLE', 'I-DELIVERABLE', 'O', 'O', 'O', 'B-PARTY']",validation,987
"['The', 'PixelWorks', 'shall', 'make', 'the', 'second', 'installment', 'of', 'USD', '3,000', 'upon', 'receipt', 'of', 'written', 'approval.']","['O', 'B-PARTY', 'O', 'O', 'O', 'B-PAYMENT', 'I-PAYMENT', 'O', 'B-AMOUNT', 'I-AMOUNT', 'B-CONDITION', 'I-CONDITION', 'I-CONDITION', 'I-CONDITION', 'I-CONDITION']",validation,988
"['The', 'CloudNine', 'Technologies', 'shall', 'notify', 'the', 'other', 'party', 'of', 'a', 'renewal', 'request', 'at', 'least', 'twelve', 'weeks', 'before', 'expiry.']","['O', 'B-PARTY', 'I-PARTY', 'O', 'O', 'O', 'O', 'O', 'O', 'O', 'O', 'O', 'O', 'O', 'B-DEADLINE', 'I-DEADLINE', 'O', 'O']",validation,989
"['The', 'freelance', 'developer', 'shall', 'retain', 'project', 'documentation', 'for', 'six', 'weeks.']","['O', 'B-ROLE', 'I-ROLE', 'O', 'O', 'B-DELIVERABLE', 'I-DELIVERABLE', 'O', 'B-DURATION', 'I-DURATION']",validation,990
"['The', 'agreement', 'shall', 'commence', 'on', '1', 'June', '2027', 'and', 'continue', 'for', 'six', 'months.']","['O', 'O', 'O', 'O', 'O', 'B-DATE', 'I-DATE', 'I-DATE', 'O', 'O', 'O', 'B-DURATION', 'I-DURATION']",validation,991
"['The', 'ABC', 'Technologies', 'shall', 'provide', 'cloud', 'credentials', 'by', '30', 'November', '2027.']","['O', 'B-PARTY', 'I-PARTY', 'O', 'O', 'B-DELIVERABLE', 'I-DELIVERABLE', 'O', 'B-DEADLINE', 'I-DEADLINE', 'I-DEADLINE']",validation,992
"['The', 'freelance', 'developer', 'shall', 'not', 'disclose', 'the', 'prototype', 'to', 'any', 'third', 'party.']","['O', 'B-ROLE', 'I-ROLE', 'O', 'O', 'O', 'O', 'B-DELIVERABLE', 'O', 'O', 'B-PARTY', 'I-PARTY']",validation,993
"['The', 'maintenance', 'period', 'begins', 'on', '1', 'June', '2027.']","['O', 'O', 'O', 'O', 'O', 'B-DATE', 'I-DATE', 'I-DATE']",validation,994
"['The', 'GreenByte', 'Ltd.', 'shall', 'make', 'the', 'second', 'installment', 'of', 'USD', '8,500', 'after', 'successful', 'testing.']","['O', 'B-PARTY', 'I-PARTY', 'O', 'O', 'O', 'B-PAYMENT', 'I-PAYMENT', 'O', 'B-AMOUNT', 'I-AMOUNT', 'B-CONDITION', 'I-CONDITION', 'I-CONDITION']",validation,995
"['The', 'agreement', 'shall', 'commence', 'on', '20', 'May', '2027', 'and', 'continue', 'for', 'five', 'business', 'days.']","['O', 'O', 'O', 'O', 'O', 'B-DATE', 'I-DATE', 'I-DATE', 'O', 'O', 'O', 'B-DURATION', 'I-DURATION', 'I-DURATION']",validation,996
"['Apex', 'Software', 'will', 'configure', 'the', 'project', 'documentation', 'after', 'successful', 'testing.']","['B-PARTY', 'I-PARTY', 'O', 'B-ACTION', 'O', 'B-DELIVERABLE', 'I-DELIVERABLE', 'B-CONDITION', 'I-CONDITION', 'I-CONDITION']",validation,997
"['The', 'developer', 'shall', 'provide', 'technical', 'documentation', 'every', 'month.']","['O', 'B-ROLE', 'O', 'O', 'B-DELIVERABLE', 'I-DELIVERABLE', 'O', 'B-DATE']",validation,998
"['The', 'GreenByte', 'Ltd.', 'shall', 'make', 'the', 'final', 'installment', 'of', 'INR', '150,000', 'before', 'development', 'begins.']","['O', 'B-PARTY', 'I-PARTY', 'O', 'O', 'O', 'B-PAYMENT', 'I-PAYMENT', 'O', 'B-AMOUNT', 'I-AMOUNT', 'B-CONDITION', 'I-CONDITION', 'I-CONDITION']",validation,999
"['The', 'development', 'team', 'shall', 'retain', 'prototype', 'for', 'seven', 'days.']","['O', 'B-ROLE', 'I-ROLE', 'O', 'O', 'B-DELIVERABLE', 'O', 'B-DURATION', 'I-DURATION']",validation,1000
"['The', 'NextGen', 'Systems', 'shall', 'pay', 'each', 'undisputed', 'invoice', 'within', 'six', 'months.']","['O', 'B-PARTY', 'I-PARTY', 'O', 'O', 'O', 'O', 'O', 'O', 'B-DURATION', 'I-DURATION']",validation,1001
"['The', 'Zenith', 'Tech', 'may', 'submit', 'the', 'database', 'schema', 'after', 'upon', 'signing.']","['O', 'B-PARTY', 'I-PARTY', 'O', 'B-ACTION', 'O', 'B-DELIVERABLE', 'I-DELIVERABLE', 'O', 'B-CONDITION', 'I-CONDITION']",validation,1002
"['Milestone', 'two', 'must', 'be', 'completed', 'by', '15', 'February', '2027.']","['O', 'B-DELIVERABLE', 'O', 'O', 'O', 'O', 'B-DEADLINE', 'I-DEADLINE', 'I-DEADLINE']",validation,1003
"['The', 'CloudNine', 'Technologies', 'shall', 'notify', 'the', 'other', 'party', 'of', 'a', 'renewal', 'request', 'at', 'least', 'fourteen', 'days', 'before', 'expiry.']","['O', 'B-PARTY', 'I-PARTY', 'O', 'O', 'O', 'O', 'O', 'O', 'O', 'O', 'O', 'O', 'O', 'B-DEADLINE', 'I-DEADLINE', 'O', 'O']",validation,1004
"['The', 'software', 'engineer', 'shall', 'submit', 'web', 'application', 'to', 'PixelWorks', 'on', '20', 'May', '2027.']","['O', 'B-ROLE', 'I-ROLE', 'O', 'O', 'B-DELIVERABLE', 'I-DELIVERABLE', 'O', 'B-PARTY', 'O', 'B-DATE', 'I-DATE', 'I-DATE']",validation,1005
"['The', 'technical', 'consultant', 'shall', 'protect', 'confidential', 'information', 'received', 'from', 'the', 'NextGen', 'Systems.']","['O', 'B-ROLE', 'I-ROLE', 'O', 'O', 'B-DELIVERABLE', 'I-DELIVERABLE', 'O', 'O', 'O', 'B-PARTY', 'I-PARTY']",validation,1006
"['The', 'development', 'team', 'shall', 'not', 'disclose', 'the', 'software', 'module', 'to', 'any', 'third', 'party.']","['O', 'B-ROLE', 'I-ROLE', 'O', 'O', 'O', 'O', 'B-DELIVERABLE', 'I-DELIVERABLE', 'O', 'O', 'B-PARTY', 'I-PARTY']",validation,1007
"['Arjun', 'Patel', 'shall', 'correct', 'the', 'backend', 'service', 'within', 'twelve', 'weeks.']","['B-PERSON', 'I-PERSON', 'O', 'B-ACTION', 'O', 'B-DELIVERABLE', 'I-DELIVERABLE', 'O', 'B-DURATION', 'I-DURATION']",validation,1008
"['The', 'Delta', 'Apps', 'shall', 'pay', 'the', 'outstanding', 'balance', 'within', 'five', 'business', 'days', 'after', 'termination.']","['O', 'B-PARTY', 'I-PARTY', 'O', 'O', 'O', 'O', 'B-PAYMENT', 'O', 'B-DURATION', 'I-DURATION', 'I-DURATION', 'O', 'O']",validation,1009
"['The', 'freelance', 'developer', 'shall', 'submit', 'cloud', 'environment', 'to', 'Orion', 'Systems', 'on', '15', 'July', '2027.']","['O', 'B-ROLE', 'I-ROLE', 'O', 'O', 'B-DELIVERABLE', 'I-DELIVERABLE', 'O', 'B-PARTY', 'I-PARTY', 'O', 'B-DATE', 'I-DATE', 'I-DATE']",validation,1010
"['The', 'developer', 'shall', 'complete', 'testing', 'report', 'no', 'later', 'than', '30', 'August', '2027.']","['O', 'B-ROLE', 'O', 'O', 'B-DELIVERABLE', 'I-DELIVERABLE', 'O', 'O', 'O', 'B-DEADLINE', 'I-DEADLINE', 'I-DEADLINE']",validation,1011
"['The', 'Zenith', 'Tech', 'shall', 'pay', 'the', 'outstanding', 'balance', 'within', 'five', 'business', 'days', 'after', 'termination.']","['O', 'B-PARTY', 'I-PARTY', 'O', 'O', 'O', 'O', 'B-PAYMENT', 'O', 'B-DURATION', 'I-DURATION', 'I-DURATION', 'O', 'O']",validation,1012
"['Milestone', 'three', 'must', 'be', 'completed', 'by', '12', 'September', '2027.']","['O', 'B-DELIVERABLE', 'O', 'O', 'O', 'O', 'B-DEADLINE', 'I-DEADLINE', 'I-DEADLINE']",validation,1013
"['The', 'API', 'integration', 'shall', 'be', 'delivered', 'no', 'later', 'than', '1', 'June', '2027.']","['O', 'B-DELIVERABLE', 'I-DELIVERABLE', 'O', 'O', 'O', 'O', 'O', 'O', 'B-DEADLINE', 'I-DEADLINE', 'I-DEADLINE']",validation,1014
"['The', 'developer', 'shall', 'protect', 'confidential', 'information', 'received', 'from', 'the', 'ABC', 'Technologies.']","['O', 'B-ROLE', 'O', 'O', 'B-DELIVERABLE', 'I-DELIVERABLE', 'O', 'O', 'O', 'B-PARTY', 'I-PARTY']",validation,1015
"['The', 'Apex', 'Software', 'shall', 'provide', 'technical', 'specifications', 'by', '12', 'September', '2027.']","['O', 'B-PARTY', 'I-PARTY', 'O', 'O', 'B-DELIVERABLE', 'I-DELIVERABLE', 'O', 'B-DEADLINE', 'I-DEADLINE', 'I-DEADLINE']",validation,1016
"['The', 'software', 'module', 'shall', 'be', 'delivered', 'no', 'later', 'than', '5', 'January', '2027.']","['O', 'B-DELIVERABLE', 'I-DELIVERABLE', 'O', 'O', 'O', 'O', 'O', 'O', 'B-DEADLINE', 'I-DEADLINE', 'I-DEADLINE']",validation,1017
"['The', 'PixelWorks', 'shall', 'make', 'the', 'second', 'installment', 'of', 'USD', '5,000', 'after', 'final', 'delivery.']","['O', 'B-PARTY', 'O', 'O', 'O', 'B-PAYMENT', 'I-PAYMENT', 'O', 'B-AMOUNT', 'I-AMOUNT', 'B-CONDITION', 'I-CONDITION', 'I-CONDITION']",validation,1018
"['The', 'technical', 'consultant', 'shall', 'return', 'user', 'interface', 'within', 'ten', 'days', 'after', 'termination.']","['O', 'B-ROLE', 'I-ROLE', 'O', 'O', 'B-DELIVERABLE', 'I-DELIVERABLE', 'O', 'B-DURATION', 'I-DURATION', 'O', 'O']",validation,1019
"['The', 'contractor', 'shall', 'document', 'software', 'module', 'after', 'successful', 'testing.']","['O', 'B-ROLE', 'O', 'O', 'B-DELIVERABLE', 'I-DELIVERABLE', 'O', 'O', 'O']",validation,1020
"['The', 'freelance', 'developer', 'must', 'update', 'the', 'API', 'integration', 'to', 'the', 'Orion', 'Systems.']","['O', 'B-ROLE', 'I-ROLE', 'O', 'B-ACTION', 'O', 'B-DELIVERABLE', 'I-DELIVERABLE', 'O', 'O', 'B-PARTY', 'I-PARTY']",validation,1021
"['The', 'contractor', 'shall', 'provide', 'deployment', 'package', 'every', 'week.']","['O', 'B-ROLE', 'O', 'O', 'B-DELIVERABLE', 'I-DELIVERABLE', 'O', 'B-DATE']",validation,1022
"['The', 'NextGen', 'Systems', 'shall', 'make', 'the', 'first', 'installment', 'of', 'INR', '50,000', 'after', 'successful', 'testing.']","['O', 'B-PARTY', 'I-PARTY', 'O', 'O', 'O', 'B-PAYMENT', 'I-PAYMENT', 'O', 'B-AMOUNT', 'I-AMOUNT', 'B-CONDITION', 'I-CONDITION', 'I-CONDITION']",validation,1023
"['The', 'developer', 'shall', 'retain', 'testing', 'report', 'for', 'three', 'months.']","['O', 'B-ROLE', 'O', 'O', 'B-DELIVERABLE', 'I-DELIVERABLE', 'O', 'B-DURATION', 'I-DURATION']",validation,1024
"['The', 'CloudNine', 'Technologies', 'shall', 'pay', 'the', 'outstanding', 'balance', 'within', 'ten', 'days', 'after', 'termination.']","['O', 'B-PARTY', 'I-PARTY', 'O', 'O', 'O', 'O', 'B-PAYMENT', 'O', 'B-DURATION', 'I-DURATION', 'O', 'O']",validation,1025
"['The', 'CodeCraft', 'Solutions', 'may', 'reject', 'a', 'user', 'interface', 'that', 'does', 'not', 'satisfy', 'the', 'agreed', 'specifications.']","['O', 'B-PARTY', 'I-PARTY', 'O', 'O', 'O', 'B-DELIVERABLE', 'I-DELIVERABLE', 'O', 'O', 'O', 'O', 'O', 'O', 'O']",validation,1026
"['The', 'development', 'team', 'shall', 'protect', 'confidential', 'information', 'received', 'from', 'the', 'CodeCraft', 'Solutions.']","['O', 'B-ROLE', 'I-ROLE', 'O', 'O', 'B-DELIVERABLE', 'I-DELIVERABLE', 'O', 'O', 'O', 'B-PARTY', 'I-PARTY']",validation,1027
"['The', 'NextGen', 'Systems', 'shall', 'pay', 'the', 'contractor', 'INR', '50,000', 'after', 'termination.']","['O', 'B-PARTY', 'I-PARTY', 'O', 'O', 'O', 'B-ROLE', 'B-AMOUNT', 'I-AMOUNT', 'B-CONDITION', 'I-CONDITION']",validation,1028
"['The', 'technical', 'consultant', 'shall', 'submit', 'mobile', 'application', 'to', 'BluePeak', 'Labs', 'on', '1', 'June', '2027.']","['O', 'B-ROLE', 'I-ROLE', 'O', 'O', 'B-DELIVERABLE', 'I-DELIVERABLE', 'O', 'B-PARTY', 'I-PARTY', 'O', 'B-DATE', 'I-DATE', 'I-DATE']",validation,1029
"['The', 'web', 'application', 'shall', 'be', 'delivered', 'no', 'later', 'than', '25', 'October', '2027.']","['O', 'B-DELIVERABLE', 'I-DELIVERABLE', 'O', 'O', 'O', 'O', 'O', 'O', 'B-DEADLINE', 'I-DEADLINE', 'I-DEADLINE']",validation,1030
"['Milestone', 'three', 'must', 'be', 'completed', 'by', '30', 'August', '2027.']","['O', 'B-DELIVERABLE', 'O', 'O', 'O', 'O', 'B-DEADLINE', 'I-DEADLINE', 'I-DEADLINE']",validation,1031
"['Arjun', 'Patel', 'shall', 'deliver', 'the', 'technical', 'documentation', 'within', 'six', 'weeks.']","['B-PERSON', 'I-PERSON', 'O', 'B-ACTION', 'O', 'B-DELIVERABLE', 'I-DELIVERABLE', 'O', 'B-DURATION', 'I-DURATION']",validation,1032
"['The', 'Apex', 'Software', 'shall', 'provide', 'API', 'keys', 'by', '25', 'October', '2027.']","['O', 'B-PARTY', 'I-PARTY', 'O', 'O', 'B-DELIVERABLE', 'I-DELIVERABLE', 'O', 'B-DEADLINE', 'I-DEADLINE', 'I-DEADLINE']",validation,1033
"['The', 'developer', 'shall', 'provide', 'security', 'configuration', 'every', 'week.']","['O', 'B-ROLE', 'O', 'O', 'B-DELIVERABLE', 'I-DELIVERABLE', 'O', 'B-DATE']",validation,1034
"['The', 'Zenith', 'Tech', 'shall', 'pay', 'the', 'outstanding', 'balance', 'within', 'six', 'months', 'after', 'termination.']","['O', 'B-PARTY', 'I-PARTY', 'O', 'O', 'O', 'O', 'B-PAYMENT', 'O', 'B-DURATION', 'I-DURATION', 'O', 'O']",validation,1035
"['The', 'software', 'developer', 'shall', 'not', 'disclose', 'the', 'mobile', 'application', 'to', 'any', 'third', 'party.']","['O', 'B-ROLE', 'I-ROLE', 'O', 'O', 'O', 'O', 'B-DELIVERABLE', 'I-DELIVERABLE', 'O', 'O', 'B-PARTY', 'I-PARTY']",validation,1036
"['The', 'software', 'developer', 'shall', 'protect', 'confidential', 'information', 'received', 'from', 'the', 'Vertex', 'Digital.']","['O', 'B-ROLE', 'I-ROLE', 'O', 'O', 'B-DELIVERABLE', 'I-DELIVERABLE', 'O', 'O', 'O', 'B-PARTY', 'I-PARTY']",validation,1037
"['Apex', 'Software', 'will', 'integrate', 'the', 'user', 'interface', 'upon', 'signing.']","['B-PARTY', 'I-PARTY', 'O', 'B-ACTION', 'O', 'B-DELIVERABLE', 'I-DELIVERABLE', 'B-CONDITION', 'I-CONDITION']",validation,1038
"['The', 'contractor', 'shall', 'provide', 'cloud', 'environment', 'every', 'Monday.']","['O', 'B-ROLE', 'O', 'O', 'B-DELIVERABLE', 'I-DELIVERABLE', 'O', 'B-DATE']",validation,1039
"['The', 'software', 'developer', 'shall', 'return', 'prototype', 'within', 'twelve', 'weeks', 'after', 'termination.']","['O', 'B-ROLE', 'I-ROLE', 'O', 'O', 'B-DELIVERABLE', 'O', 'B-DURATION', 'I-DURATION', 'O', 'O']",validation,1040
"['The', 'NovaSoft', 'Solutions', 'shall', 'provide', 'testing', 'report', 'to', 'the', 'freelance', 'developer', 'before', 'development', 'begins.']","['O', 'B-PARTY', 'I-PARTY', 'O', 'O', 'B-DELIVERABLE', 'I-DELIVERABLE', 'O', 'O', 'B-ROLE', 'I-ROLE', 'O', 'O', 'O']",validation,1041
"['The', 'Apex', 'Software', 'shall', 'review', 'mobile', 'application', 'on', '30', 'November', '2027.']","['O', 'B-PARTY', 'I-PARTY', 'O', 'O', 'B-DELIVERABLE', 'I-DELIVERABLE', 'O', 'B-DATE', 'I-DATE', 'I-DATE']",validation,1042
"['The', 'technical', 'consultant', 'shall', 'provide', 'API', 'integration', 'every', 'month.']","['O', 'B-ROLE', 'I-ROLE', 'O', 'O', 'B-DELIVERABLE', 'I-DELIVERABLE', 'O', 'B-DATE']",validation,1043
"['The', 'software', 'engineer', 'shall', 'provide', 'the', 'technical', 'documentation.']","['O', 'B-ROLE', 'I-ROLE', 'O', 'B-ACTION', 'O', 'B-DELIVERABLE', 'I-DELIVERABLE']",validation,1044
"['The', 'GreenByte', 'Ltd.', 'shall', 'pay', 'the', 'freelance', 'developer', 'INR', '100,000', 'after', 'termination.']","['O', 'B-PARTY', 'I-PARTY', 'O', 'O', 'O', 'B-ROLE', 'I-ROLE', 'B-AMOUNT', 'I-AMOUNT', 'B-CONDITION', 'I-CONDITION']",validation,1045
"['The', 'developer', 'shall', 'correct', 'the', 'user', 'interface.']","['O', 'B-ROLE', 'O', 'B-ACTION', 'O', 'B-DELIVERABLE', 'I-DELIVERABLE']",validation,1046
"['The', 'freelance', 'developer', 'shall', 'correct', 'rejected', 'work', 'within', 'six', 'weeks.']","['O', 'B-ROLE', 'I-ROLE', 'O', 'O', 'B-DELIVERABLE', 'I-DELIVERABLE', 'O', 'B-DURATION', 'I-DURATION']",validation,1047
"['Either', 'party', 'may', 'terminate', 'the', 'agreement', 'by', 'giving', 'twelve', 'weeks', 'written', 'notice.']","['O', 'B-PARTY', 'O', 'O', 'O', 'O', 'O', 'O', 'B-DURATION', 'I-DURATION', 'O', 'O']",validation,1048
"['The', 'software', 'engineer', 'must', 'build', 'the', 'mobile', 'application', 'to', 'the', 'ABC', 'Technologies.']","['O', 'B-ROLE', 'I-ROLE', 'O', 'B-ACTION', 'O', 'B-DELIVERABLE', 'I-DELIVERABLE', 'O', 'O', 'B-PARTY', 'I-PARTY']",validation,1049
"['Zenith', 'Tech', 'will', 'test', 'the', 'software', 'module', 'after', 'successful', 'testing.']","['B-PARTY', 'I-PARTY', 'O', 'B-ACTION', 'O', 'B-DELIVERABLE', 'I-DELIVERABLE', 'B-CONDITION', 'I-CONDITION', 'I-CONDITION']",validation,1050
"['The', 'agreement', 'shall', 'commence', 'on', '30', 'August', '2027', 'and', 'continue', 'for', 'six', 'weeks.']","['O', 'O', 'O', 'O', 'O', 'B-DATE', 'I-DATE', 'I-DATE', 'O', 'O', 'O', 'B-DURATION', 'I-DURATION']",validation,1051
"['The', 'technical', 'consultant', 'shall', 'respond', 'to', 'user', 'interface', 'within', 'twelve', 'weeks.']","['O', 'B-ROLE', 'I-ROLE', 'O', 'O', 'O', 'B-DELIVERABLE', 'I-DELIVERABLE', 'O', 'B-DURATION', 'I-DURATION']",validation,1052
"['The', 'developer', 'shall', 'submit', 'backend', 'service', 'to', 'NextGen', 'Systems', 'on', '1', 'June', '2027.']","['O', 'B-ROLE', 'O', 'O', 'B-DELIVERABLE', 'I-DELIVERABLE', 'O', 'B-PARTY', 'I-PARTY', 'O', 'B-DATE', 'I-DATE', 'I-DATE']",validation,1053
"['The', 'Delta', 'Apps', 'shall', 'approve', 'the', 'API', 'integration', 'within', 'thirty', 'days.']","['O', 'B-PARTY', 'I-PARTY', 'O', 'O', 'O', 'B-DELIVERABLE', 'I-DELIVERABLE', 'O', 'B-DURATION', 'I-DURATION']",validation,1054
"['The', 'development', 'team', 'shall', 'provide', 'acceptance', 'notice', 'at', 'least', 'three', 'days', 'before', 'termination.']","['O', 'B-ROLE', 'I-ROLE', 'O', 'O', 'B-NOTICE', 'I-NOTICE', 'O', 'O', 'B-DURATION', 'I-DURATION', 'O', 'O']",validation,1055
"['The', 'backend', 'service', 'shall', 'be', 'delivered', 'no', 'later', 'than', '1', 'June', '2027.']","['O', 'B-DELIVERABLE', 'I-DELIVERABLE', 'O', 'O', 'O', 'O', 'O', 'O', 'B-DEADLINE', 'I-DEADLINE', 'I-DEADLINE']",validation,1056
"['The', 'NovaSoft', 'Solutions', 'shall', 'provide', 'API', 'keys', 'by', '15', 'February', '2027.']","['O', 'B-PARTY', 'I-PARTY', 'O', 'O', 'B-DELIVERABLE', 'I-DELIVERABLE', 'O', 'B-DEADLINE', 'I-DEADLINE', 'I-DEADLINE']",validation,1057
"['Karan', 'Singh', 'is', 'responsible', 'for', 'install', 'the', 'prototype.']","['B-PERSON', 'I-PERSON', 'O', 'O', 'O', 'B-ACTION', 'O', 'B-DELIVERABLE']",validation,1058
"['The', 'ABC', 'Technologies', 'shall', 'approve', 'the', 'source', 'code', 'within', 'ten', 'days.']","['O', 'B-PARTY', 'I-PARTY', 'O', 'O', 'O', 'B-DELIVERABLE', 'I-DELIVERABLE', 'O', 'B-DURATION', 'I-DURATION']",validation,1059
"['The', 'PixelWorks', 'shall', 'review', 'security', 'configuration', 'on', '30', 'November', '2027.']","['O', 'B-PARTY', 'O', 'O', 'B-DELIVERABLE', 'I-DELIVERABLE', 'O', 'B-DATE', 'I-DATE', 'I-DATE']",validation,1060
"['The', 'contractor', 'shall', 'not', 'disclose', 'the', 'prototype', 'to', 'any', 'third', 'party.']","['O', 'B-ROLE', 'O', 'O', 'O', 'O', 'B-DELIVERABLE', 'O', 'O', 'B-PARTY', 'I-PARTY']",validation,1061
"['The', 'CodeCraft', 'Solutions', 'shall', 'notify', 'the', 'other', 'party', 'of', 'a', 'renewal', 'request', 'at', 'least', 'twelve', 'weeks', 'before', 'expiry.']","['O', 'B-PARTY', 'I-PARTY', 'O', 'O', 'O', 'O', 'O', 'O', 'O', 'O', 'O', 'O', 'O', 'B-DEADLINE', 'I-DEADLINE', 'O', 'O']",validation,1062
"['The', 'development', 'team', 'shall', 'complete', 'security', 'configuration', 'no', 'later', 'than', '10', 'April', '2027.']","['O', 'B-ROLE', 'I-ROLE', 'O', 'O', 'B-DELIVERABLE', 'I-DELIVERABLE', 'O', 'O', 'O', 'B-DEADLINE', 'I-DEADLINE', 'I-DEADLINE']",validation,1063
"['Either', 'party', 'to', 'this', 'agreement', 'may', 'terminate', 'the', 'agreement', 'by', 'giving', 'six', 'weeks', 'written', 'notice.']","['O', 'B-PARTY', 'I-PARTY', 'I-PARTY', 'I-PARTY', 'O', 'O', 'O', 'O', 'O', 'O', 'B-DURATION', 'I-DURATION', 'O', 'O']",validation,1064
"['The', 'software', 'developer', 'shall', 'not', 'disclose', 'the', 'deployment', 'package', 'to', 'any', 'third', 'party.']","['O', 'B-ROLE', 'I-ROLE', 'O', 'O', 'O', 'O', 'B-DELIVERABLE', 'I-DELIVERABLE', 'O', 'O', 'B-PARTY', 'I-PARTY']",validation,1065
"['The', 'software', 'engineer', 'shall', 'respond', 'to', 'user', 'interface', 'within', 'six', 'months.']","['O', 'B-ROLE', 'I-ROLE', 'O', 'O', 'O', 'B-DELIVERABLE', 'I-DELIVERABLE', 'O', 'B-DURATION', 'I-DURATION']",validation,1066
"['The', 'contractor', 'shall', 'configure', 'the', 'cloud', 'environment', 'before', 'deployment.']","['O', 'B-ROLE', 'O', 'O', 'O', 'B-DELIVERABLE', 'I-DELIVERABLE', 'O', 'O']",validation,1067
"['The', 'CodeCraft', 'Solutions', 'shall', 'approve', 'the', 'security', 'configuration', 'within', 'six', 'months.']","['O', 'B-PARTY', 'I-PARTY', 'O', 'O', 'O', 'B-DELIVERABLE', 'I-DELIVERABLE', 'O', 'B-DURATION', 'I-DURATION']",validation,1068
"['The', 'Bright', 'Labs', 'shall', 'make', 'the', 'milestone', 'payment', 'of', 'INR', '25,000', 'upon', 'completion.']","['O', 'B-PARTY', 'I-PARTY', 'O', 'O', 'O', 'B-PAYMENT', 'I-PAYMENT', 'O', 'B-AMOUNT', 'I-AMOUNT', 'B-CONDITION', 'I-CONDITION']",validation,1069
"['The', 'development', 'team', 'shall', 'configure', 'the', 'testing', 'environment', 'before', 'deployment.']","['O', 'B-ROLE', 'I-ROLE', 'O', 'O', 'O', 'B-DELIVERABLE', 'I-DELIVERABLE', 'O', 'O']",validation,1070
"['The', 'development', 'team', 'shall', 'protect', 'confidential', 'information', 'received', 'from', 'the', 'Delta', 'Apps.']","['O', 'B-ROLE', 'I-ROLE', 'O', 'O', 'B-DELIVERABLE', 'I-DELIVERABLE', 'O', 'O', 'O', 'B-PARTY', 'I-PARTY']",validation,1071
"['The', 'freelance', 'developer', 'shall', 'document', 'technical', 'documentation', 'after', 'successful', 'testing.']","['O', 'B-ROLE', 'I-ROLE', 'O', 'O', 'B-DELIVERABLE', 'I-DELIVERABLE', 'O', 'O', 'O']",validation,1072
"['The', 'Bright', 'Labs', 'shall', 'provide', 'prototype', 'to', 'the', 'technical', 'consultant', 'before', 'development', 'begins.']","['O', 'B-PARTY', 'I-PARTY', 'O', 'O', 'B-DELIVERABLE', 'O', 'O', 'B-ROLE', 'I-ROLE', 'O', 'O', 'O']",validation,1073
"['The', 'BluePeak', 'Labs', 'shall', 'provide', 'cloud', 'credentials', 'by', '15', 'July', '2027.']","['O', 'B-PARTY', 'I-PARTY', 'O', 'O', 'B-DELIVERABLE', 'I-DELIVERABLE', 'O', 'B-DEADLINE', 'I-DEADLINE', 'I-DEADLINE']",validation,1074
"['The', 'software', 'engineer', 'shall', 'complete', 'API', 'integration', 'no', 'later', 'than', '25', 'October', '2027.']","['O', 'B-ROLE', 'I-ROLE', 'O', 'O', 'B-DELIVERABLE', 'I-DELIVERABLE', 'O', 'O', 'O', 'B-DEADLINE', 'I-DEADLINE', 'I-DEADLINE']",validation,1075
"['The', 'technical', 'consultant', 'shall', 'not', 'disclose', 'the', 'software', 'module', 'to', 'any', 'third', 'party.']","['O', 'B-ROLE', 'I-ROLE', 'O', 'O', 'O', 'O', 'B-DELIVERABLE', 'I-DELIVERABLE', 'O', 'O', 'B-PARTY', 'I-PARTY']",validation,1076
"['The', 'CloudNine', 'Technologies', 'shall', 'pay', 'each', 'undisputed', 'invoice', 'within', 'six', 'weeks.']","['O', 'B-PARTY', 'I-PARTY', 'O', 'O', 'O', 'O', 'O', 'O', 'B-DURATION', 'I-DURATION']",validation,1077
"['The', 'ABC', 'Technologies', 'may', 'deliver', 'the', 'software', 'module', 'after', 'upon', 'completion.']","['O', 'B-PARTY', 'I-PARTY', 'O', 'B-ACTION', 'O', 'B-DELIVERABLE', 'I-DELIVERABLE', 'O', 'B-CONDITION', 'I-CONDITION']",validation,1078
"['The', 'NextGen', 'Systems', 'shall', 'provide', 'test', 'accounts', 'by', '15', 'July', '2027.']","['O', 'B-PARTY', 'I-PARTY', 'O', 'O', 'B-DELIVERABLE', 'I-DELIVERABLE', 'O', 'B-DEADLINE', 'I-DEADLINE', 'I-DEADLINE']",validation,1079
"['The', 'technical', 'consultant', 'shall', 'submit', 'testing', 'report', 'to', 'Vertex', 'Digital', 'on', '5', 'January', '2027.']","['O', 'B-ROLE', 'I-ROLE', 'O', 'O', 'B-DELIVERABLE', 'I-DELIVERABLE', 'O', 'B-PARTY', 'I-PARTY', 'O', 'B-DATE', 'I-DATE', 'I-DATE']",validation,1080
"['The', 'contractor', 'shall', 'provide', 'project', 'documentation', 'every', 'Monday.']","['O', 'B-ROLE', 'O', 'O', 'B-DELIVERABLE', 'I-DELIVERABLE', 'O', 'B-DATE']",test,1081
"['Orion', 'Systems', 'will', 'submit', 'the', 'prototype', 'before', 'deployment.']","['B-PARTY', 'I-PARTY', 'O', 'B-ACTION', 'O', 'B-DELIVERABLE', 'B-CONDITION', 'I-CONDITION']",test,1082
"['The', 'Orion', 'Systems', 'shall', 'provide', 'test', 'accounts', 'by', '25', 'October', '2027.']","['O', 'B-PARTY', 'I-PARTY', 'O', 'O', 'B-DELIVERABLE', 'I-DELIVERABLE', 'O', 'B-DEADLINE', 'I-DEADLINE', 'I-DEADLINE']",test,1083
"['The', 'software', 'engineer', 'shall', 'complete', 'mobile', 'application', 'no', 'later', 'than', '28', 'March', '2027.']","['O', 'B-ROLE', 'I-ROLE', 'O', 'O', 'B-DELIVERABLE', 'I-DELIVERABLE', 'O', 'O', 'O', 'B-DEADLINE', 'I-DEADLINE', 'I-DEADLINE']",test,1084
"['The', 'GreenByte', 'Ltd.', 'shall', 'approve', 'the', 'source', 'code', 'within', 'fourteen', 'days.']","['O', 'B-PARTY', 'I-PARTY', 'O', 'O', 'O', 'B-DELIVERABLE', 'I-DELIVERABLE', 'O', 'B-DURATION', 'I-DURATION']",test,1085
"['The', 'BluePeak', 'Labs', 'shall', 'pay', 'the', 'outstanding', 'balance', 'within', 'three', 'days', 'after', 'termination.']","['O', 'B-PARTY', 'I-PARTY', 'O', 'O', 'O', 'O', 'B-PAYMENT', 'O', 'B-DURATION', 'I-DURATION', 'O', 'O']",test,1086
"['The', 'Delta', 'Apps', 'may', 'review', 'the', 'project', 'documentation', 'after', 'after', 'client', 'acceptance.']","['O', 'B-PARTY', 'I-PARTY', 'O', 'B-ACTION', 'O', 'B-DELIVERABLE', 'I-DELIVERABLE', 'O', 'B-CONDITION', 'I-CONDITION', 'I-CONDITION']",test,1087
"['The', 'development', 'team', 'shall', 'install', 'software', 'patches', 'during', 'the', 'maintenance', 'period.']","['O', 'B-ROLE', 'I-ROLE', 'O', 'O', 'B-DELIVERABLE', 'I-DELIVERABLE', 'O', 'O', 'O', 'O']",test,1088
"['The', 'PixelWorks', 'shall', 'approve', 'the', 'software', 'module', 'within', 'eight', 'weeks.']","['O', 'B-PARTY', 'O', 'O', 'O', 'B-DELIVERABLE', 'I-DELIVERABLE', 'O', 'B-DURATION', 'I-DURATION']",test,1089
"['The', 'developer', 'shall', 'respond', 'to', 'prototype', 'within', 'six', 'weeks.']","['O', 'B-ROLE', 'O', 'O', 'O', 'B-DELIVERABLE', 'O', 'B-DURATION', 'I-DURATION']",test,1090
"['The', 'contractor', 'shall', 'protect', 'confidential', 'information', 'received', 'from', 'the', 'BluePeak', 'Labs.']","['O', 'B-ROLE', 'O', 'O', 'B-DELIVERABLE', 'I-DELIVERABLE', 'O', 'O', 'O', 'B-PARTY', 'I-PARTY']",test,1091
"['The', 'Orion', 'Systems', 'may', 'reject', 'a', 'deployment', 'package', 'that', 'does', 'not', 'satisfy', 'the', 'agreed', 'specifications.']","['O', 'B-PARTY', 'I-PARTY', 'O', 'O', 'O', 'B-DELIVERABLE', 'I-DELIVERABLE', 'O', 'O', 'O', 'O', 'O', 'O', 'O']",test,1092
"['The', 'developer', 'shall', 'respond', 'to', 'cloud', 'environment', 'within', 'three', 'months.']","['O', 'B-ROLE', 'O', 'O', 'O', 'B-DELIVERABLE', 'I-DELIVERABLE', 'O', 'B-DURATION', 'I-DURATION']",test,1093
"['The', 'software', 'developer', 'must', 'design', 'the', 'deployment', 'package', 'to', 'the', 'NovaSoft', 'Solutions.']","['O', 'B-ROLE', 'I-ROLE', 'O', 'B-ACTION', 'O', 'B-DELIVERABLE', 'I-DELIVERABLE', 'O', 'O', 'B-PARTY', 'I-PARTY']",test,1094
"['The', 'BluePeak', 'Labs', 'shall', 'approve', 'the', 'cloud', 'environment', 'within', 'eight', 'weeks.']","['O', 'B-PARTY', 'I-PARTY', 'O', 'O', 'O', 'B-DELIVERABLE', 'I-DELIVERABLE', 'O', 'B-DURATION', 'I-DURATION']",test,1095
"['The', 'software', 'developer', 'shall', 'complete', 'user', 'interface', 'no', 'later', 'than', '25', 'October', '2027.']","['O', 'B-ROLE', 'I-ROLE', 'O', 'O', 'B-DELIVERABLE', 'I-DELIVERABLE', 'O', 'O', 'O', 'B-DEADLINE', 'I-DEADLINE', 'I-DEADLINE']",test,1096
"['Either', 'party', 'may', 'terminate', 'the', 'agreement', 'by', 'giving', 'one', 'year', 'written', 'notice.']","['O', 'B-PARTY', 'O', 'O', 'O', 'O', 'O', 'O', 'B-DURATION', 'I-DURATION', 'O', 'O']",test,1097
"['The', 'maintenance', 'period', 'begins', 'on', '30', 'August', '2027.']","['O', 'O', 'O', 'O', 'O', 'B-DATE', 'I-DATE', 'I-DATE']",test,1098
"['The', 'software', 'developer', 'shall', 'submit', 'deployment', 'package', 'to', 'BluePeak', 'Labs', 'on', '15', 'December', '2027.']","['O', 'B-ROLE', 'I-ROLE', 'O', 'O', 'B-DELIVERABLE', 'I-DELIVERABLE', 'O', 'B-PARTY', 'I-PARTY', 'O', 'B-DATE', 'I-DATE', 'I-DATE']",test,1099
"['The', 'technical', 'consultant', 'shall', 'return', 'database', 'schema', 'within', 'three', 'days', 'after', 'termination.']","['O', 'B-ROLE', 'I-ROLE', 'O', 'O', 'B-DELIVERABLE', 'I-DELIVERABLE', 'O', 'B-DURATION', 'I-DURATION', 'O', 'O']",test,1100
"['The', 'Zenith', 'Tech', 'shall', 'provide', 'cloud', 'credentials', 'by', '25', 'October', '2027.']","['O', 'B-PARTY', 'I-PARTY', 'O', 'O', 'B-DELIVERABLE', 'I-DELIVERABLE', 'O', 'B-DEADLINE', 'I-DEADLINE', 'I-DEADLINE']",test,1101
"['The', 'Vertex', 'Digital', 'shall', 'pay', 'the', 'outstanding', 'balance', 'within', 'thirty', 'days', 'after', 'termination.']","['O', 'B-PARTY', 'I-PARTY', 'O', 'O', 'O', 'O', 'B-PAYMENT', 'O', 'B-DURATION', 'I-DURATION', 'O', 'O']",test,1102
"['Final', 'acceptance', 'shall', 'occur', 'within', 'five', 'business', 'days', 'of', 'final', 'delivery.']","['O', 'O', 'O', 'O', 'O', 'B-DURATION', 'I-DURATION', 'I-DURATION', 'O', 'O', 'O']",test,1103
"['The', 'software', 'engineer', 'shall', 'not', 'disclose', 'the', 'cloud', 'environment', 'to', 'any', 'third', 'party.']","['O', 'B-ROLE', 'I-ROLE', 'O', 'O', 'O', 'O', 'B-DELIVERABLE', 'I-DELIVERABLE', 'O', 'O', 'B-PARTY', 'I-PARTY']",test,1104
"['The', 'agreement', 'shall', 'commence', 'on', '12', 'September', '2027', 'and', 'continue', 'for', 'three', 'months.']","['O', 'O', 'O', 'O', 'O', 'B-DATE', 'I-DATE', 'I-DATE', 'O', 'O', 'O', 'B-DURATION', 'I-DURATION']",test,1105
"['The', 'Zenith', 'Tech', 'owns', 'the', 'testing', 'report', 'after', 'full', 'payment.']","['O', 'B-PARTY', 'I-PARTY', 'O', 'O', 'B-DELIVERABLE', 'I-DELIVERABLE', 'O', 'B-CONDITION', 'I-CONDITION']",test,1106
"['The', 'Apex', 'Software', 'shall', 'provide', 'API', 'keys', 'by', '1', 'June', '2027.']","['O', 'B-PARTY', 'I-PARTY', 'O', 'O', 'B-DELIVERABLE', 'I-DELIVERABLE', 'O', 'B-DEADLINE', 'I-DEADLINE', 'I-DEADLINE']",test,1107
"['The', 'development', 'team', 'shall', 'return', 'technical', 'documentation', 'within', 'three', 'months', 'after', 'termination.']","['O', 'B-ROLE', 'I-ROLE', 'O', 'O', 'B-DELIVERABLE', 'I-DELIVERABLE', 'O', 'B-DURATION', 'I-DURATION', 'O', 'O']",test,1108
"['Ananya', 'Sen', 'shall', 'return', 'the', 'API', 'integration', 'within', 'seven', 'days.']","['B-PERSON', 'I-PERSON', 'O', 'B-ACTION', 'O', 'B-DELIVERABLE', 'I-DELIVERABLE', 'O', 'B-DURATION', 'I-DURATION']",test,1109
"['Milestone', 'one', 'must', 'be', 'completed', 'by', '30', 'November', '2027.']","['B-DELIVERABLE', 'O', 'O', 'O', 'O', 'O', 'B-DEADLINE', 'I-DEADLINE', 'I-DEADLINE']",test,1110
"['The', 'Apex', 'Software', 'shall', 'approve', 'the', 'cloud', 'environment', 'within', 'one', 'year.']","['O', 'B-PARTY', 'I-PARTY', 'O', 'O', 'O', 'B-DELIVERABLE', 'I-DELIVERABLE', 'O', 'B-DURATION', 'I-DURATION']",test,1111
"['The', 'CloudNine', 'Technologies', 'shall', 'provide', 'security', 'configuration', 'to', 'the', 'software', 'engineer', 'before', 'development', 'begins.']","['O', 'B-PARTY', 'I-PARTY', 'O', 'O', 'B-DELIVERABLE', 'I-DELIVERABLE', 'O', 'O', 'B-ROLE', 'I-ROLE', 'O', 'O', 'O']",test,1112
"['The', 'freelance', 'developer', 'shall', 'return', 'security', 'configuration', 'within', 'five', 'business', 'days', 'after', 'termination.']","['O', 'B-ROLE', 'I-ROLE', 'O', 'O', 'B-DELIVERABLE', 'I-DELIVERABLE', 'O', 'B-DURATION', 'I-DURATION', 'I-DURATION', 'O', 'O']",test,1113
"['The', 'CloudNine', 'Technologies', 'may', 'reject', 'a', 'source', 'code', 'that', 'does', 'not', 'satisfy', 'the', 'agreed', 'specifications.']","['O', 'B-PARTY', 'I-PARTY', 'O', 'O', 'O', 'B-DELIVERABLE', 'I-DELIVERABLE', 'O', 'O', 'O', 'O', 'O', 'O', 'O']",test,1114
"['Amit', 'Verma', 'is', 'responsible', 'for', 'review', 'the', 'deployment', 'package.']","['B-PERSON', 'I-PERSON', 'O', 'O', 'O', 'B-ACTION', 'O', 'B-DELIVERABLE', 'I-DELIVERABLE']",test,1115
"['The', 'PixelWorks', 'shall', 'provide', 'technical', 'documentation', 'to', 'the', 'software', 'developer', 'before', 'development', 'begins.']","['O', 'B-PARTY', 'O', 'O', 'B-DELIVERABLE', 'I-DELIVERABLE', 'O', 'O', 'B-ROLE', 'I-ROLE', 'O', 'O', 'O']",test,1116
"['The', 'contractor', 'must', 'submit', 'the', 'cloud', 'environment', 'to', 'the', 'Bright', 'Labs.']","['O', 'B-ROLE', 'O', 'B-ACTION', 'O', 'B-DELIVERABLE', 'I-DELIVERABLE', 'O', 'O', 'B-PARTY', 'I-PARTY']",test,1117
"['The', 'contractor', 'shall', 'provide', 'written', 'notice', 'at', 'least', 'fourteen', 'days', 'before', 'termination.']","['O', 'B-ROLE', 'O', 'O', 'B-NOTICE', 'I-NOTICE', 'O', 'O', 'B-DURATION', 'I-DURATION', 'O', 'O']",test,1118
"['The', 'parties', 'shall', 'conduct', 'a', 'final', 'review', 'upon', 'receipt', 'of', 'written', 'approval.']","['O', 'O', 'O', 'O', 'O', 'B-DELIVERABLE', 'I-DELIVERABLE', 'B-CONDITION', 'I-CONDITION', 'I-CONDITION', 'I-CONDITION', 'I-CONDITION']",test,1119
"['Orion', 'Systems', 'will', 'test', 'the', 'deployment', 'package', 'before', 'development', 'begins.']","['B-PARTY', 'I-PARTY', 'O', 'B-ACTION', 'O', 'B-DELIVERABLE', 'I-DELIVERABLE', 'B-CONDITION', 'I-CONDITION', 'I-CONDITION']",test,1120
"['The', 'NovaSoft', 'Solutions', 'shall', 'notify', 'the', 'other', 'party', 'of', 'a', 'renewal', 'request', 'at', 'least', 'five', 'business', 'days', 'before', 'expiry.']","['O', 'B-PARTY', 'I-PARTY', 'O', 'O', 'O', 'O', 'O', 'O', 'O', 'O', 'O', 'O', 'O', 'B-DEADLINE', 'I-DEADLINE', 'I-DEADLINE', 'O', 'O']",test,1121
"['The', 'agreement', 'shall', 'commence', 'on', '25', 'October', '2027', 'and', 'continue', 'for', 'five', 'business', 'days.']","['O', 'O', 'O', 'O', 'O', 'B-DATE', 'I-DATE', 'I-DATE', 'O', 'O', 'O', 'B-DURATION', 'I-DURATION', 'I-DURATION']",test,1122
"['The', 'freelance', 'developer', 'must', 'implement', 'the', 'database', 'schema', 'to', 'the', 'NextGen', 'Systems.']","['O', 'B-ROLE', 'I-ROLE', 'O', 'B-ACTION', 'O', 'B-DELIVERABLE', 'I-DELIVERABLE', 'O', 'O', 'B-PARTY', 'I-PARTY']",test,1123
"['Karan', 'Singh', 'is', 'responsible', 'for', 'configure', 'the', 'deployment', 'package.']","['B-PERSON', 'I-PERSON', 'O', 'O', 'O', 'B-ACTION', 'O', 'B-DELIVERABLE', 'I-DELIVERABLE']",test,1124
"['The', 'Orion', 'Systems', 'owns', 'the', 'backend', 'service', 'after', 'full', 'payment.']","['O', 'B-PARTY', 'I-PARTY', 'O', 'O', 'B-DELIVERABLE', 'I-DELIVERABLE', 'O', 'B-CONDITION', 'I-CONDITION']",test,1125
"['Milestone', 'one', 'must', 'be', 'completed', 'by', '1', 'June', '2027.']","['B-DELIVERABLE', 'O', 'O', 'O', 'O', 'O', 'B-DEADLINE', 'I-DEADLINE', 'I-DEADLINE']",test,1126
"['The', 'Bright', 'Labs', 'owns', 'the', 'testing', 'report', 'after', 'full', 'payment.']","['O', 'B-PARTY', 'I-PARTY', 'O', 'O', 'B-DELIVERABLE', 'I-DELIVERABLE', 'O', 'B-CONDITION', 'I-CONDITION']",test,1127
"['The', 'agreement', 'shall', 'expire', 'on', '1', 'June', '2027.']","['O', 'O', 'O', 'O', 'O', 'B-DATE', 'I-DATE', 'I-DATE']",test,1128
"['The', 'PixelWorks', 'shall', 'approve', 'the', 'backend', 'service', 'within', 'seven', 'days.']","['O', 'B-PARTY', 'O', 'O', 'O', 'B-DELIVERABLE', 'I-DELIVERABLE', 'O', 'B-DURATION', 'I-DURATION']",test,1129
"['The', 'technical', 'consultant', 'shall', 'respond', 'to', 'prototype', 'within', 'six', 'months.']","['O', 'B-ROLE', 'I-ROLE', 'O', 'O', 'O', 'B-DELIVERABLE', 'O', 'B-DURATION', 'I-DURATION']",test,1130
"['The', 'developer', 'shall', 'return', 'user', 'interface', 'within', 'fourteen', 'days', 'after', 'termination.']","['O', 'B-ROLE', 'O', 'O', 'B-DELIVERABLE', 'I-DELIVERABLE', 'O', 'B-DURATION', 'I-DURATION', 'O', 'O']",test,1131
"['The', 'agreement', 'shall', 'expire', 'on', '15', 'December', '2027.']","['O', 'O', 'O', 'O', 'O', 'B-DATE', 'I-DATE', 'I-DATE']",test,1132
"['The', 'Zenith', 'Tech', 'shall', 'provide', 'API', 'keys', 'by', '30', 'August', '2027.']","['O', 'B-PARTY', 'I-PARTY', 'O', 'O', 'B-DELIVERABLE', 'I-DELIVERABLE', 'O', 'B-DEADLINE', 'I-DEADLINE', 'I-DEADLINE']",test,1133
"['The', 'development', 'team', 'must', 'correct', 'the', 'testing', 'report', 'to', 'the', 'NextGen', 'Systems.']","['O', 'B-ROLE', 'I-ROLE', 'O', 'B-ACTION', 'O', 'B-DELIVERABLE', 'I-DELIVERABLE', 'O', 'O', 'B-PARTY', 'I-PARTY']",test,1134
"['The', 'agreement', 'shall', 'commence', 'on', '28', 'March', '2027', 'and', 'continue', 'for', 'ten', 'days.']","['O', 'O', 'O', 'O', 'O', 'B-DATE', 'I-DATE', 'I-DATE', 'O', 'O', 'O', 'B-DURATION', 'I-DURATION']",test,1135
"['The', 'GreenByte', 'Ltd.', 'shall', 'provide', 'cloud', 'credentials', 'by', '12', 'September', '2027.']","['O', 'B-PARTY', 'I-PARTY', 'O', 'O', 'B-DELIVERABLE', 'I-DELIVERABLE', 'O', 'B-DEADLINE', 'I-DEADLINE', 'I-DEADLINE']",test,1136
"['The', 'deployment', 'package', 'shall', 'be', 'delivered', 'no', 'later', 'than', '20', 'May', '2027.']","['O', 'B-DELIVERABLE', 'I-DELIVERABLE', 'O', 'O', 'O', 'O', 'O', 'O', 'B-DEADLINE', 'I-DEADLINE', 'I-DEADLINE']",test,1137
"['The', 'software', 'developer', 'shall', 'submit', 'security', 'configuration', 'to', 'GreenByte', 'Ltd.', 'on', '15', 'July', '2027.']","['O', 'B-ROLE', 'I-ROLE', 'O', 'O', 'B-DELIVERABLE', 'I-DELIVERABLE', 'O', 'B-PARTY', 'I-PARTY', 'O', 'B-DATE', 'I-DATE', 'I-DATE']",test,1138
"['The', 'development', 'team', 'must', 'approve', 'the', 'web', 'application', 'to', 'the', 'CodeCraft', 'Solutions.']","['O', 'B-ROLE', 'I-ROLE', 'O', 'B-ACTION', 'O', 'B-DELIVERABLE', 'I-DELIVERABLE', 'O', 'O', 'B-PARTY', 'I-PARTY']",test,1139
"['The', 'NextGen', 'Systems', 'shall', 'provide', 'source', 'code', 'to', 'the', 'technical', 'consultant', 'before', 'development', 'begins.']","['O', 'B-PARTY', 'I-PARTY', 'O', 'O', 'B-DELIVERABLE', 'I-DELIVERABLE', 'O', 'O', 'B-ROLE', 'I-ROLE', 'O', 'O', 'O']",test,1140
"['The', 'GreenByte', 'Ltd.', 'shall', 'pay', 'the', 'software', 'engineer', 'INR', '25,000', 'after', 'termination.']","['O', 'B-PARTY', 'I-PARTY', 'O', 'O', 'O', 'B-ROLE', 'I-ROLE', 'B-AMOUNT', 'I-AMOUNT', 'B-CONDITION', 'I-CONDITION']",test,1141
"['The', 'Delta', 'Apps', 'shall', 'pay', 'the', 'software', 'engineer', 'INR', '100,000', 'upon', 'completion.']","['O', 'B-PARTY', 'I-PARTY', 'O', 'O', 'O', 'B-ROLE', 'I-ROLE', 'B-AMOUNT', 'I-AMOUNT', 'B-CONDITION', 'I-CONDITION']",test,1142
"['The', 'contractor', 'shall', 'not', 'disclose', 'the', 'deployment', 'package', 'to', 'any', 'third', 'party.']","['O', 'B-ROLE', 'O', 'O', 'O', 'O', 'B-DELIVERABLE', 'I-DELIVERABLE', 'O', 'O', 'B-PARTY', 'I-PARTY']",test,1143
"['The', 'technical', 'consultant', 'must', 'deliver', 'the', 'deployment', 'package', 'to', 'the', 'BluePeak', 'Labs.']","['O', 'B-ROLE', 'I-ROLE', 'O', 'B-ACTION', 'O', 'B-DELIVERABLE', 'I-DELIVERABLE', 'O', 'O', 'B-PARTY', 'I-PARTY']",test,1144
"['The', 'agreement', 'shall', 'commence', 'on', '1', 'June', '2027', 'and', 'continue', 'for', 'three', 'days.']","['O', 'O', 'O', 'O', 'O', 'B-DATE', 'I-DATE', 'I-DATE', 'O', 'O', 'O', 'B-DURATION', 'I-DURATION']",test,1145
"['Aditya', 'Nair', 'is', 'responsible', 'for', 'implement', 'the', 'backend', 'service.']","['B-PERSON', 'I-PERSON', 'O', 'O', 'O', 'B-ACTION', 'O', 'B-DELIVERABLE', 'I-DELIVERABLE']",test,1146
"['The', 'software', 'developer', 'must', 'approve', 'the', 'source', 'code', 'to', 'the', 'NextGen', 'Systems.']","['O', 'B-ROLE', 'I-ROLE', 'O', 'B-ACTION', 'O', 'B-DELIVERABLE', 'I-DELIVERABLE', 'O', 'O', 'B-PARTY', 'I-PARTY']",test,1147
"['Either', 'party', 'may', 'terminate', 'the', 'agreement', 'by', 'giving', 'ten', 'days', 'written', 'notice.']","['O', 'B-PARTY', 'O', 'O', 'O', 'O', 'O', 'O', 'B-DURATION', 'I-DURATION', 'O', 'O']",test,1148
"['The', 'technical', 'consultant', 'shall', 'retain', 'security', 'configuration', 'for', 'eight', 'weeks.']","['O', 'B-ROLE', 'I-ROLE', 'O', 'O', 'B-DELIVERABLE', 'I-DELIVERABLE', 'O', 'B-DURATION', 'I-DURATION']",test,1149
"['The', 'development', 'team', 'shall', 'protect', 'confidential', 'information', 'received', 'from', 'the', 'Zenith', 'Tech.']","['O', 'B-ROLE', 'I-ROLE', 'O', 'O', 'B-DELIVERABLE', 'I-DELIVERABLE', 'O', 'O', 'O', 'B-PARTY', 'I-PARTY']",test,1150
"['The', 'freelance', 'developer', 'must', 'correct', 'the', 'prototype', 'to', 'the', 'BluePeak', 'Labs.']","['O', 'B-ROLE', 'I-ROLE', 'O', 'B-ACTION', 'O', 'B-DELIVERABLE', 'O', 'O', 'B-PARTY', 'I-PARTY']",test,1151
"['The', 'developer', 'shall', 'document', 'testing', 'report', 'after', 'successful', 'testing.']","['O', 'B-ROLE', 'O', 'O', 'B-DELIVERABLE', 'I-DELIVERABLE', 'O', 'O', 'O']",test,1152
"['The', 'CloudNine', 'Technologies', 'shall', 'notify', 'the', 'other', 'party', 'of', 'a', 'renewal', 'request', 'at', 'least', 'five', 'business', 'days', 'before', 'expiry.']","['O', 'B-PARTY', 'I-PARTY', 'O', 'O', 'O', 'O', 'O', 'O', 'O', 'O', 'O', 'O', 'O', 'B-DEADLINE', 'I-DEADLINE', 'I-DEADLINE', 'O', 'O']",test,1153
"['Ananya', 'Sen', 'is', 'responsible', 'for', 'return', 'the', 'deployment', 'package.']","['B-PERSON', 'I-PERSON', 'O', 'O', 'O', 'B-ACTION', 'O', 'B-DELIVERABLE', 'I-DELIVERABLE']",test,1154
"['The', 'freelance', 'developer', 'shall', 'complete', 'deployment', 'package', 'no', 'later', 'than', '25', 'October', '2027.']","['O', 'B-ROLE', 'I-ROLE', 'O', 'O', 'B-DELIVERABLE', 'I-DELIVERABLE', 'O', 'O', 'O', 'B-DEADLINE', 'I-DEADLINE', 'I-DEADLINE']",test,1155
"['The', 'ABC', 'Technologies', 'may', 'reject', 'a', 'web', 'application', 'that', 'does', 'not', 'satisfy', 'the', 'agreed', 'specifications.']","['O', 'B-PARTY', 'I-PARTY', 'O', 'O', 'O', 'B-DELIVERABLE', 'I-DELIVERABLE', 'O', 'O', 'O', 'O', 'O', 'O', 'O']",test,1156
"['The', 'mobile', 'application', 'shall', 'be', 'delivered', 'no', 'later', 'than', '20', 'May', '2027.']","['O', 'B-DELIVERABLE', 'I-DELIVERABLE', 'O', 'O', 'O', 'O', 'O', 'O', 'B-DEADLINE', 'I-DEADLINE', 'I-DEADLINE']",test,1157
"['Either', 'party', 'may', 'terminate', 'the', 'agreement', 'by', 'giving', 'three', 'days', 'written', 'notice.']","['O', 'B-PARTY', 'O', 'O', 'O', 'O', 'O', 'O', 'B-DURATION', 'I-DURATION', 'O', 'O']",test,1158
"['The', 'Zenith', 'Tech', 'shall', 'notify', 'the', 'other', 'party', 'of', 'a', 'renewal', 'request', 'at', 'least', 'seven', 'days', 'before', 'expiry.']","['O', 'B-PARTY', 'I-PARTY', 'O', 'O', 'O', 'O', 'O', 'O', 'O', 'O', 'O', 'O', 'O', 'B-DEADLINE', 'I-DEADLINE', 'O', 'O']",test,1159
"['The', 'development', 'team', 'shall', 'protect', 'confidential', 'information', 'received', 'from', 'the', 'NextGen', 'Systems.']","['O', 'B-ROLE', 'I-ROLE', 'O', 'O', 'B-DELIVERABLE', 'I-DELIVERABLE', 'O', 'O', 'O', 'B-PARTY', 'I-PARTY']",test,1160
"['The', 'developer', 'shall', 'provide', 'deployment', 'package', 'every', 'month.']","['O', 'B-ROLE', 'O', 'O', 'B-DELIVERABLE', 'I-DELIVERABLE', 'O', 'B-DATE']",test,1161
"['The', 'Delta', 'Apps', 'owns', 'the', 'API', 'integration', 'after', 'full', 'payment.']","['O', 'B-PARTY', 'I-PARTY', 'O', 'O', 'B-DELIVERABLE', 'I-DELIVERABLE', 'O', 'B-CONDITION', 'I-CONDITION']",test,1162
"['Final', 'acceptance', 'shall', 'occur', 'within', 'seven', 'days', 'of', 'final', 'delivery.']","['O', 'O', 'O', 'O', 'O', 'B-DURATION', 'I-DURATION', 'O', 'O', 'O']",test,1163
"['The', 'total', 'contract', 'value', 'is', 'USD', '5,000.']","['O', 'O', 'B-PAYMENT', 'I-PAYMENT', 'O', 'B-AMOUNT', 'I-AMOUNT']",test,1164
"['The', 'developer', 'shall', 'document', 'user', 'interface', 'after', 'successful', 'testing.']","['O', 'B-ROLE', 'O', 'O', 'B-DELIVERABLE', 'I-DELIVERABLE', 'O', 'O', 'O']",test,1165
"['The', 'technical', 'consultant', 'must', 'submit', 'the', 'backend', 'service', 'to', 'the', 'Zenith', 'Tech.']","['O', 'B-ROLE', 'I-ROLE', 'O', 'B-ACTION', 'O', 'B-DELIVERABLE', 'I-DELIVERABLE', 'O', 'O', 'B-PARTY', 'I-PARTY']",test,1166
"['Meera', 'Iyer', 'is', 'responsible', 'for', 'deploy', 'the', 'web', 'application.']","['B-PERSON', 'I-PERSON', 'O', 'O', 'O', 'B-ACTION', 'O', 'B-DELIVERABLE', 'I-DELIVERABLE']",test,1167
"['The', 'agreement', 'may', 'be', 'renewed', 'for', 'thirty', 'days', 'by', 'mutual', 'written', 'consent.']","['O', 'O', 'O', 'O', 'O', 'O', 'B-DURATION', 'I-DURATION', 'O', 'O', 'O', 'O']",test,1168
"['Orion', 'Systems', 'will', 'implement', 'the', 'backend', 'service', 'subject', 'to', 'client', 'approval.']","['B-PARTY', 'I-PARTY', 'O', 'B-ACTION', 'O', 'B-DELIVERABLE', 'I-DELIVERABLE', 'B-CONDITION', 'I-CONDITION', 'I-CONDITION', 'I-CONDITION']",test,1169
"['The', 'agreement', 'shall', 'commence', 'on', '28', 'March', '2027', 'and', 'continue', 'for', 'seven', 'days.']","['O', 'O', 'O', 'O', 'O', 'B-DATE', 'I-DATE', 'I-DATE', 'O', 'O', 'O', 'B-DURATION', 'I-DURATION']",test,1170
"['The', 'contractor', 'shall', 'provide', 'acceptance', 'notice', 'at', 'least', 'five', 'business', 'days', 'before', 'termination.']","['O', 'B-ROLE', 'O', 'O', 'B-NOTICE', 'I-NOTICE', 'O', 'O', 'B-DURATION', 'I-DURATION', 'I-DURATION', 'O', 'O']",test,1171
"['The', 'technical', 'consultant', 'shall', 'correct', 'the', 'source', 'code.']","['O', 'B-ROLE', 'I-ROLE', 'O', 'B-ACTION', 'O', 'B-DELIVERABLE', 'I-DELIVERABLE']",test,1172
"['Amit', 'Verma', 'shall', 'update', 'the', 'database', 'schema', 'within', 'six', 'months.']","['B-PERSON', 'I-PERSON', 'O', 'B-ACTION', 'O', 'B-DELIVERABLE', 'I-DELIVERABLE', 'O', 'B-DURATION', 'I-DURATION']",test,1173
"['Milestone', 'one', 'must', 'be', 'completed', 'by', '25', 'October', '2027.']","['B-DELIVERABLE', 'O', 'O', 'O', 'O', 'O', 'B-DEADLINE', 'I-DEADLINE', 'I-DEADLINE']",test,1174
"['The', 'development', 'team', 'shall', 'maintain', 'the', 'API', 'integration.']","['O', 'B-ROLE', 'I-ROLE', 'O', 'B-ACTION', 'O', 'B-DELIVERABLE', 'I-DELIVERABLE']",test,1175
"['The', 'developer', 'shall', 'maintain', 'the', 'security', 'configuration.']","['O', 'B-ROLE', 'O', 'B-ACTION', 'O', 'B-DELIVERABLE', 'I-DELIVERABLE']",test,1176
"['The', 'Orion', 'Systems', 'shall', 'update', 'the', 'mobile', 'application', 'by', '12', 'September', '2027.']","['O', 'B-PARTY', 'I-PARTY', 'O', 'B-ACTION', 'O', 'B-DELIVERABLE', 'I-DELIVERABLE', 'O', 'B-DEADLINE', 'I-DEADLINE', 'I-DEADLINE']",test,1177
"['The', 'CodeCraft', 'Solutions', 'shall', 'submit', 'the', 'project', 'documentation', 'by', '10', 'April', '2027.']","['O', 'B-PARTY', 'I-PARTY', 'O', 'B-ACTION', 'O', 'B-DELIVERABLE', 'I-DELIVERABLE', 'O', 'B-DEADLINE', 'I-DEADLINE', 'I-DEADLINE']",test,1178
"['Either', 'party', 'may', 'terminate', 'the', 'agreement', 'by', 'giving', 'thirty', 'days', 'written', 'notice.']","['O', 'B-PARTY', 'O', 'O', 'O', 'O', 'O', 'O', 'B-DURATION', 'I-DURATION', 'O', 'O']",test,1179
"['The', 'development', 'team', 'shall', 'complete', 'API', 'integration', 'no', 'later', 'than', '15', 'December', '2027.']","['O', 'B-ROLE', 'I-ROLE', 'O', 'O', 'B-DELIVERABLE', 'I-DELIVERABLE', 'O', 'O', 'O', 'B-DEADLINE', 'I-DEADLINE', 'I-DEADLINE']",test,1180
"['The', 'Apex', 'Software', 'shall', 'provide', 'software', 'module', 'to', 'the', 'software', 'developer', 'before', 'development', 'begins.']","['O', 'B-PARTY', 'I-PARTY', 'O', 'O', 'B-DELIVERABLE', 'I-DELIVERABLE', 'O', 'O', 'B-ROLE', 'I-ROLE', 'O', 'O', 'O']",test,1181
"['The', 'Apex', 'Software', 'shall', 'provide', 'testing', 'report', 'to', 'the', 'development', 'team', 'before', 'development', 'begins.']","['O', 'B-PARTY', 'I-PARTY', 'O', 'O', 'B-DELIVERABLE', 'I-DELIVERABLE', 'O', 'O', 'B-ROLE', 'I-ROLE', 'O', 'O', 'O']",test,1182
"['The', 'BluePeak', 'Labs', 'shall', 'make', 'the', 'second', 'installment', 'of', 'INR', '50,000', 'after', 'final', 'delivery.']","['O', 'B-PARTY', 'I-PARTY', 'O', 'O', 'O', 'B-PAYMENT', 'I-PAYMENT', 'O', 'B-AMOUNT', 'I-AMOUNT', 'B-CONDITION', 'I-CONDITION', 'I-CONDITION']",test,1183
"['The', 'Zenith', 'Tech', 'shall', 'pay', 'the', 'software', 'developer', 'INR', '150,000', 'before', 'deployment.']","['O', 'B-PARTY', 'I-PARTY', 'O', 'O', 'O', 'B-ROLE', 'I-ROLE', 'B-AMOUNT', 'I-AMOUNT', 'B-CONDITION', 'I-CONDITION']",test,1184
"['The', 'Apex', 'Software', 'shall', 'make', 'the', 'first', 'installment', 'of', 'INR', '50,000', 'upon', 'signing.']","['O', 'B-PARTY', 'I-PARTY', 'O', 'O', 'O', 'B-PAYMENT', 'I-PAYMENT', 'O', 'B-AMOUNT', 'I-AMOUNT', 'B-CONDITION', 'I-CONDITION']",test,1185
"['The', 'technical', 'consultant', 'shall', 'not', 'disclose', 'the', 'API', 'integration', 'to', 'any', 'third', 'party.']","['O', 'B-ROLE', 'I-ROLE', 'O', 'O', 'O', 'O', 'B-DELIVERABLE', 'I-DELIVERABLE', 'O', 'O', 'B-PARTY', 'I-PARTY']",test,1186
"['The', 'freelance', 'developer', 'shall', 'return', 'project', 'documentation', 'within', 'fourteen', 'days', 'after', 'termination.']","['O', 'B-ROLE', 'I-ROLE', 'O', 'O', 'B-DELIVERABLE', 'I-DELIVERABLE', 'O', 'B-DURATION', 'I-DURATION', 'O', 'O']",test,1187
"['The', 'GreenByte', 'Ltd.', 'owns', 'the', 'deployment', 'package', 'after', 'full', 'payment.']","['O', 'B-PARTY', 'I-PARTY', 'O', 'O', 'B-DELIVERABLE', 'I-DELIVERABLE', 'O', 'B-CONDITION', 'I-CONDITION']",test,1188
"['The', 'NovaSoft', 'Solutions', 'owns', 'the', 'API', 'integration', 'after', 'full', 'payment.']","['O', 'B-PARTY', 'I-PARTY', 'O', 'O', 'B-DELIVERABLE', 'I-DELIVERABLE', 'O', 'B-CONDITION', 'I-CONDITION']",test,1189
"['The', 'user', 'interface', 'shall', 'be', 'delivered', 'no', 'later', 'than', '25', 'October', '2027.']","['O', 'B-DELIVERABLE', 'I-DELIVERABLE', 'O', 'O', 'O', 'O', 'O', 'O', 'B-DEADLINE', 'I-DEADLINE', 'I-DEADLINE']",test,1190
"['The', 'contractor', 'shall', 'protect', 'confidential', 'information', 'received', 'from', 'the', 'NovaSoft', 'Solutions.']","['O', 'B-ROLE', 'O', 'O', 'B-DELIVERABLE', 'I-DELIVERABLE', 'O', 'O', 'O', 'B-PARTY', 'I-PARTY']",test,1191
"['The', 'technical', 'consultant', 'shall', 'provide', 'database', 'schema', 'every', 'month.']","['O', 'B-ROLE', 'I-ROLE', 'O', 'O', 'B-DELIVERABLE', 'I-DELIVERABLE', 'O', 'B-DATE']",test,1192
"['The', 'technical', 'consultant', 'shall', 'return', 'web', 'application', 'within', 'thirty', 'days', 'after', 'termination.']","['O', 'B-ROLE', 'I-ROLE', 'O', 'O', 'B-DELIVERABLE', 'I-DELIVERABLE', 'O', 'B-DURATION', 'I-DURATION', 'O', 'O']",test,1193
"['The', 'security', 'configuration', 'shall', 'be', 'delivered', 'no', 'later', 'than', '30', 'November', '2027.']","['O', 'B-DELIVERABLE', 'I-DELIVERABLE', 'O', 'O', 'O', 'O', 'O', 'O', 'B-DEADLINE', 'I-DEADLINE', 'I-DEADLINE']",test,1194
"['The', 'developer', 'shall', 'integrate', 'the', 'security', 'configuration.']","['O', 'B-ROLE', 'O', 'B-ACTION', 'O', 'B-DELIVERABLE', 'I-DELIVERABLE']",test,1195
"['The', 'total', 'contract', 'value', 'is', 'USD', '3,000.']","['O', 'O', 'B-PAYMENT', 'I-PAYMENT', 'O', 'B-AMOUNT', 'I-AMOUNT']",test,1196
"['Either', 'party', 'to', 'this', 'agreement', 'may', 'terminate', 'the', 'agreement', 'by', 'giving', 'five', 'business', 'days', 'written', 'notice.']","['O', 'B-PARTY', 'I-PARTY', 'I-PARTY', 'I-PARTY', 'O', 'O', 'O', 'O', 'O', 'O', 'B-DURATION', 'I-DURATION', 'I-DURATION', 'O', 'O']",test,1197
"['The', 'Vertex', 'Digital', 'shall', 'pay', 'the', 'outstanding', 'balance', 'within', 'five', 'business', 'days', 'after', 'termination.']","['O', 'B-PARTY', 'I-PARTY', 'O', 'O', 'O', 'O', 'B-PAYMENT', 'O', 'B-DURATION', 'I-DURATION', 'I-DURATION', 'O', 'O']",test,1198
"['The', 'Orion', 'Systems', 'shall', 'make', 'the', 'final', 'installment', 'of', 'USD', '8,500', 'after', 'termination.']","['O', 'B-PARTY', 'I-PARTY', 'O', 'O', 'O', 'B-PAYMENT', 'I-PAYMENT', 'O', 'B-AMOUNT', 'I-AMOUNT', 'B-CONDITION', 'I-CONDITION']",test,1199
"['The', 'contractor', 'shall', 'provide', 'database', 'schema', 'every', 'Monday.']","['O', 'B-ROLE', 'O', 'O', 'B-DELIVERABLE', 'I-DELIVERABLE', 'O', 'B-DATE']",test,1200
